Player Name,Likes,Inj,Pos,Salary,Team,Opp,Rest,Line,PP,GS,L5 TOI,L40 TOI,S TOI,L5 SOG,L40 SOG,S SOG,L5 FP,L40 FP,S FP,Floor FP,Ceil FP,Proj FP,Proj Val,Actual FP,Actual Val
Alex Ovechkin,,,LW,8000,WAS,@CAR,1,L1,P1,2.82,22.1,20.6,20.9,4.6,4.2,4.1,4.6,5.0,5.3,2.0,8.5,4.6,0.6,0.0,0.0
Patrick Kane,,,RW,7900,CHI,@SJ,1,L1,P1,2.76,23.1,22.8,22.4,3.6,4.2,4.1,3.0,6.1,5.5,2.2,8.7,4.0,0.5,0.0,0.0
Connor McDavid,,,C,7900,EDM,DAL,1,L1,P1,2.73,22.4,23.3,23.0,1.8,2.7,3.1,5.6,5.3,5.4,2.8,8.0,5.2,0.7,0.0,0.0
Aleksander Barkov,,,C,7700,FLA,@OTT,1,L1,P1,3.46,20.2,21.7,22.4,1.8,2.3,2.5,4.0,4.5,4.5,1.4,7.6,4.4,0.6,0.0,0.0
Jack Eichel,,,C,7600,BUF,DET,1,L1,P1,3.27,20.4,20.5,20.4,3.2,3.6,4.0,3.0,4.4,4.8,2.0,7.6,4.7,0.6,0.0,0.0
Leon Draisaitl,,,LW,7500,EDM,DAL,1,L1,P1,2.73,21.5,23.2,22.5,2.2,2.9,2.8,5.9,5.3,4.8,1.7,7.8,3.6,0.5,0.0,0.0
Tyler Seguin,,,C,7300,DAL,@EDM,0,L1,P1,2.77,21.2,20.7,20.9,6.2,4.3,4.1,7.8,5.0,4.7,1.7,7.7,4.5,0.6,0.0,0.0
Cam Atkinson,,,RW,7200,CLS,MON,1,L1,P1,2.95,18.4,19.7,19.5,1.8,3.4,3.7,2.1,3.7,4.4,1.2,7.6,3.6,0.5,0.0,0.0
Sebastian Aho,,,C,7100,CAR,WAS,1,L1,P1,3.18,21.0,20.6,20.1,2.4,3.0,3.0,2.2,4.2,4.3,1.0,7.6,3.7,0.5,0.0,0.0
Jonathan Huberdeau,,,LW,7000,FLA,@OTT,1,L1,P1,3.46,18.0,19.0,18.8,2.2,3.2,2.7,4.0,4.2,4.2,1.2,7.1,3.4,0.5,0.0,0.0
Jonathan Toews,,,C,7000,CHI,@SJ,1,L1,P1,2.76,22.1,21.5,20.9,4.4,3.1,2.9,4.4,4.5,4.1,1.2,7.1,3.3,0.5,0.0,0.0
Bo Horvat,,,C,6900,VAN,LA,1,L1,P1,2.92,19.0,20.9,20.9,3.2,3.0,2.9,4.7,3.5,3.7,1.4,6.0,3.2,0.5,0.0,0.0
Alexander Radulov,,,RW,6800,DAL,@EDM,0,L2,P1,2.77,20.6,20.1,19.8,3.6,3.2,3.0,5.7,4.5,4.5,1.7,7.3,3.3,0.5,0.0,0.0
Tomas Hertl,,,C,6800,SJ,CHI,2,L2,P1,3.74,20.7,19.6,19.0,2.6,2.5,2.3,2.9,4.3,4.0,0.9,7.0,3.0,0.4,0.0,0.0
Brock Boeser,,,RW,6700,VAN,LA,1,L2,P1,2.92,17.5,19.4,19.2,2.4,3.0,3.0,2.8,3.5,3.7,0.8,6.6,4.1,0.6,0.0,0.0
Brent Burns,,,D,6600,SJ,CHI,2,D1,P1,3.74,26.8,26.5,25.1,3.8,4.1,3.7,3.7,5.2,4.7,1.9,7.6,4.4,0.7,0.0,0.0
Timo Meier,,,LW,6600,SJ,CHI,2,L1,P2,3.74,16.6,17.0,17.1,2.4,3.1,3.2,2.9,3.4,3.9,1.6,6.2,2.7,0.4,0.0,0.0
Elias Pettersson,,,C,6600,VAN,LA,1,L2,P1,2.92,17.1,18.3,18.3,1.8,1.9,2.0,2.9,3.4,3.8,0.7,6.8,3.1,0.5,0.0,0.0
John Carlson,,,D,6500,WAS,@CAR,1,D1,P1,2.82,24.4,24.8,25.1,2.4,2.1,2.3,3.3,3.8,4.1,1.6,6.6,3.7,0.6,0.0,0.0
Mike Hoffman,,,LW,6500,FLA,@OTT,1,L2,P1,3.46,18.0,17.7,18.0,2.8,2.8,3.1,3.8,3.6,3.9,1.6,6.3,3.4,0.5,0.0,0.0
Logan Couture,,,C,6500,SJ,CHI,2,L1,P1,3.74,18.7,18.5,18.7,2.8,2.4,2.5,2.7,3.3,3.7,0.9,6.5,3.4,0.5,0.0,0.0
Brendan Gallagher,,,RW,6400,MON,@CLS,1,L1,P2,2.55,14.8,15.9,16.4,4.4,3.8,3.7,5.6,4.0,3.8,1.3,6.4,3.4,0.5,0.0,0.0
Shea Weber,,,D,6400,MON,@CLS,1,D1,P1,2.55,21.7,23.0,23.6,4.4,2.8,2.9,5.3,3.8,3.8,1.6,6.1,3.5,0.5,0.0,0.0
Evgeny Kuznetsov,,,C,6400,WAS,@CAR,1,L2,P1,2.82,20.1,19.0,18.8,3.8,2.6,2.7,4.5,3.5,3.7,1.0,6.4,3.4,0.5,0.0,0.0
Alex DeBrincat,,,LW,6300,CHI,@SJ,1,L2,P1,2.76,19.8,17.5,17.6,2.4,2.8,2.7,1.2,4.4,3.9,1.1,6.7,3.3,0.5,0.0,0.0
Joe Pavelski,,,RW,6300,SJ,CHI,2,,,3.74,18.5,19.2,19.1,1.2,2.2,2.5,2.0,3.8,3.9,0.7,7.1,0.0,0.0,0.0,0.0
Nicklas Backstrom,,,C,6300,WAS,@CAR,1,L1,P1,2.82,19.6,19.6,20.0,1.2,2.3,2.1,2.3,2.9,3.4,0.9,5.9,3.2,0.5,0.0,0.0
Blake Wheeler,,,RW,6200,WPG,NYI,2,L1,P1,3.02,18.2,20.1,20.8,2.6,2.9,2.8,1.9,4.2,4.4,1.5,7.3,3.9,0.6,0.0,0.0
Erik Karlsson,,,D,6200,SJ,CHI,2,,,3.74,20.3,24.2,24.5,2.6,3.3,3.2,2.7,4.3,4.1,1.4,6.7,0.0,0.0,0.0,0.0
Ryan Nugent-Hopkins,,,C,6200,EDM,DAL,1,L2,P1,2.73,18.9,20.0,20.2,2.4,2.4,2.6,5.1,3.5,3.6,1.1,6.1,3.3,0.5,0.0,0.0
Evgenii Dadonov,,,RW,6200,FLA,@OTT,1,L1,P1,3.46,18.4,17.9,18.4,1.8,1.9,2.4,2.9,2.8,3.4,1.1,5.8,3.4,0.5,0.0,0.0
Alexander Edler,,,D,6100,VAN,LA,1,,,2.92,25.9,24.9,24.3,2.6,2.3,2.3,5.6,4.0,4.0,1.5,6.4,0.0,0.0,0.0,0.0
Matt Duchene,,,C,6100,CLS,MON,1,L2,P1,2.95,18.5,18.9,19.0,1.8,2.6,2.4,2.6,3.6,3.9,1.2,6.6,3.0,0.5,0.0,0.0
Evander Kane,,,LW,6100,SJ,CHI,2,L2,P2,3.74,18.6,18.4,18.3,3.0,3.5,3.6,2.3,4.3,3.9,0.9,6.9,3.8,0.6,0.0,0.0
Thomas Chabot,,,D,6000,OTT,FLA,1,D1,P1,3.04,24.8,24.4,24.1,2.8,2.6,2.7,3.7,3.5,3.9,1.5,6.4,2.9,0.5,0.0,0.0
Max Domi,,,C,6000,MON,@CLS,1,L2,P2,2.55,15.9,16.9,17.3,2.2,2.4,2.4,4.3,3.4,3.6,1.0,6.1,2.6,0.4,0.0,0.0
Kyle Connor,,,LW,6000,WPG,NYI,2,L2,P1,3.02,19.3,19.4,19.1,3.6,2.6,2.8,7.3,3.8,3.6,0.6,6.7,3.2,0.5,0.0,0.0
Dylan Larkin,,,C,5900,DET,@BUF,2,L1,P1,2.73,20.8,21.9,21.8,2.0,3.8,3.7,2.2,4.3,4.3,1.6,7.0,3.5,0.6,0.0,0.0
Jeff Skinner,,,LW,5900,BUF,DET,1,L2,P1,3.27,18.7,19.1,18.6,4.0,3.6,3.3,2.0,3.3,3.9,1.2,6.5,3.6,0.6,0.0,0.0
Erik Gustafsson,,,D,5900,CHI,@SJ,1,D2,P1,2.76,24.7,23.0,22.4,4.4,2.1,2.0,5.1,3.8,3.4,1.4,5.3,1.7,0.3,0.0,0.0
Mark Scheifele,,,C,5800,WPG,NYI,2,L1,P1,3.02,19.1,21.2,21.9,1.8,2.2,2.4,1.9,3.3,4.1,1.0,7.3,3.6,0.6,0.0,0.0
Seth Jones,,,D,5800,CLS,MON,1,D1,P2,2.95,26.2,25.7,25.9,1.8,2.3,2.4,3.1,3.3,3.5,1.6,5.4,3.9,0.7,0.0,0.0
Jamie Benn,,,LW,5800,DAL,@EDM,0,L1,P1,2.77,19.1,17.7,18.2,2.4,2.4,2.4,3.7,3.3,3.5,0.8,6.1,3.8,0.7,0.0,0.0
Mats Zuccarello,,,RW,5700,DAL,@EDM,0,,,2.77,20.2,19.9,19.9,3.6,2.3,2.2,4.7,3.6,3.4,0.7,6.2,0.0,0.0,0.0,0.0
John Klingberg,,,D,5700,DAL,@EDM,0,D1,P1,2.77,25.2,24.4,24.6,2.0,2.4,2.5,3.1,3.3,3.4,1.5,5.3,3.5,0.6,0.0,0.0
Mathew Barzal,,,C,5700,NYI,@WPG,1,L1,P1,2.48,16.9,17.4,17.9,0.6,1.9,2.1,1.3,2.7,3.2,0.6,5.7,3.5,0.6,0.0,0.0
Dustin Byfuglien,,,D,5600,WPG,NYI,35,,,3.02,24.0,24.4,24.4,2.8,2.8,2.8,2.6,3.7,3.7,1.3,6.1,0.0,0.0,0.0,0.0
Brady Tkachuk,,,LW,5600,OTT,FLA,1,L1,P1,3.04,17.6,15.8,15.7,4.0,3.1,2.9,3.9,3.0,3.1,0.7,5.5,1.8,0.3,0.0,0.0
Artemi Panarin,,,LW,5500,CLS,MON,1,L1,P1,2.95,20.1,20.1,20.0,1.6,2.1,2.4,2.2,3.7,3.8,1.0,6.7,3.8,0.7,0.0,0.0
Andreas Athanasiou,,,C,5500,DET,@BUF,2,L2,P1,2.73,18.4,16.8,16.7,4.0,2.8,2.9,5.9,3.5,3.4,0.7,6.2,2.8,0.5,0.0,0.0
Keith Yandle,,,D,5500,FLA,@OTT,1,D1,P1,3.46,22.6,22.8,22.7,1.2,2.5,2.5,2.1,3.1,3.4,1.4,5.3,2.9,0.5,0.0,0.0
Jacob Trouba,,,D,5500,WPG,NYI,2,D1,P1,3.02,23.4,23.7,22.9,1.8,2.0,1.9,4.8,3.7,3.3,1.2,5.4,3.5,0.6,0.0,0.0
Gustav Nyquist,,,RW,5500,SJ,CHI,2,L1,P1,3.74,16.0,17.8,17.7,2.2,2.5,2.6,1.9,2.9,3.2,0.8,5.6,2.8,0.5,0.0,0.0
T.J. Oshie,,,RW,5400,WAS,@CAR,1,L2,P1,2.82,18.1,18.2,18.6,2.2,2.3,2.2,3.6,3.5,3.3,0.6,6.1,2.6,0.5,0.0,0.0
Dougie Hamilton,,,D,5400,CAR,WAS,1,D1,P2,3.18,19.1,19.0,19.5,4.4,3.0,3.2,4.5,3.5,3.2,1.2,5.2,3.5,0.6,0.0,0.0
Darnell Nurse,,,D,5400,EDM,DAL,1,D2,P1,2.73,21.9,24.7,23.9,1.2,2.2,2.4,3.0,3.2,3.2,1.1,5.3,2.8,0.5,0.0,0.0
Nino Niederreiter,,,LW,5400,CAR,WAS,1,L1,P1,3.18,18.5,17.1,16.0,2.0,2.6,2.3,2.4,3.2,2.8,0.3,5.4,2.7,0.5,0.0,0.0
Dylan Strome,,,C,5400,CHI,@SJ,1,L2,P1,2.76,16.8,17.4,16.1,2.0,1.7,1.8,1.2,3.2,2.8,0.6,5.0,2.5,0.5,0.0,0.0
Patrik Laine,,,RW,5300,WPG,NYI,2,L2,P1,3.02,18.6,17.0,17.3,1.6,2.6,3.1,2.0,2.7,3.6,0.2,6.9,4.2,0.8,0.0,0.0
Sam Reinhart,,,RW,5300,BUF,DET,1,L1,P1,3.27,19.0,19.4,18.9,2.6,2.3,2.2,2.7,3.1,3.3,1.1,5.6,3.2,0.6,0.0,0.0
Oscar Klefbom,,,D,5300,EDM,DAL,1,D1,P2,2.73,22.9,23.6,24.2,2.2,2.6,2.8,3.5,3.2,3.3,1.0,5.5,3.4,0.6,0.0,0.0
Tom Wilson,,,RW,5300,WAS,@CAR,1,L1,P2,2.82,18.5,18.2,18.1,1.8,1.9,2.1,3.1,2.8,3.2,0.6,5.8,2.2,0.4,0.0,0.0
Brock Nelson,,,C,5300,NYI,@WPG,1,L2,P1,2.48,17.7,18.1,18.0,2.2,2.2,2.1,3.1,3.0,3.0,0.8,5.3,2.4,0.5,0.0,0.0
Brent Seabrook,,,D,5300,CHI,@SJ,1,D1,P2,2.76,17.5,17.9,19.4,2.0,2.1,2.2,2.8,3.1,3.0,1.4,4.7,2.5,0.5,0.0,0.0
Teuvo Teravainen,,,RW,5200,CAR,WAS,1,L2,P1,3.18,18.7,18.1,17.9,1.8,1.9,2.0,2.8,3.4,3.3,0.5,6.2,3.0,0.6,0.0,0.0
Dustin Brown,,,RW,5200,LA,@VAN,1,L1,P1,2.58,20.3,20.0,20.3,4.2,2.4,2.6,5.5,3.1,3.3,0.6,6.0,2.7,0.5,0.0,0.0
Vincent Trocheck,,,C,5200,FLA,@OTT,1,L2,P2,3.46,19.0,19.3,19.9,3.8,2.7,2.8,4.3,2.9,3.1,0.9,5.2,4.1,0.8,0.0,0.0
Anders Lee,,,LW,5200,NYI,@WPG,1,L1,P1,2.48,17.5,16.8,17.1,0.8,2.5,2.6,0.6,2.9,3.2,0.9,5.4,3.0,0.6,0.0,0.0
Mike Green,,,D,5200,DET,@BUF,2,,,2.73,21.2,21.7,21.7,1.8,2.1,2.1,3.3,3.0,3.0,0.8,5.3,0.0,0.0,0.0,0.0
Zach Werenski,,,D,5200,CLS,MON,1,D2,P1,2.95,23.5,23.8,22.8,1.2,2.0,2.0,2.5,3.0,2.8,0.9,4.7,3.3,0.6,0.0,0.0
Tomas Tatar,,,LW,5100,MON,@CLS,1,L1,P2,2.55,16.2,16.4,16.4,2.2,2.6,2.5,4.6,3.5,3.3,0.7,5.9,2.5,0.5,0.0,0.0
Justin Williams,,,RW,5100,CAR,WAS,1,L1,P1,3.18,18.3,17.9,17.3,2.0,3.0,2.9,2.7,3.6,3.2,0.9,5.5,2.4,0.5,0.0,0.0
Anze Kopitar,,,C,5100,LA,@VAN,1,L1,P1,2.58,22.4,22.1,22.4,2.2,1.8,2.0,4.2,3.4,3.2,0.8,5.7,3.6,0.7,0.0,0.0
Frank Vatrano,,,RW,5100,FLA,@OTT,1,L3,P2,3.46,15.0,15.3,14.8,3.6,2.8,2.6,3.1,3.4,3.1,0.8,5.4,2.1,0.4,0.0,0.0
Aaron Ekblad,,,D,5100,FLA,@OTT,1,D1,P2,3.46,23.8,24.3,23.6,1.6,1.9,2.2,2.8,3.0,2.7,1.0,4.5,3.2,0.6,0.0,0.0
Josh Anderson,,,RW,5000,CLS,MON,1,L3,P2,2.95,18.8,17.9,17.2,2.8,3.0,2.9,3.9,3.6,3.3,0.9,5.7,2.8,0.6,0.0,0.0
Anthony Mantha,,,RW,5000,DET,@BUF,2,L1,P1,2.73,19.0,18.1,17.7,3.2,3.0,2.8,3.7,3.4,3.1,0.3,5.8,3.0,0.6,0.0,0.0
Rasmus Ristolainen,,,D,5000,BUF,DET,1,,,3.27,22.3,23.7,24.7,1.4,2.2,2.4,1.2,2.7,3.1,1.4,4.8,0.0,0.0,0.0,0.0
Justin Faulk,,,D,5000,CAR,WAS,1,D2,P1,3.18,23.5,22.4,22.4,2.6,2.4,2.7,3.0,3.1,3.0,1.2,4.7,2.9,0.6,0.0,0.0
Kevin Hayes,,,C,4900,WPG,NYI,2,L2,P2,3.02,16.0,18.4,18.7,1.8,2.2,2.3,3.7,3.4,3.2,0.5,5.9,2.9,0.6,0.0,0.0
Ryan Dzingel,,,LW,4900,CLS,MON,1,L2,,2.95,15.5,16.4,17.0,1.4,1.8,2.1,2.4,3.0,3.1,1.0,5.3,2.2,0.4,0.0,0.0
Pierre-Luc Dubois,,,C,4800,CLS,MON,1,L1,P2,2.95,17.0,17.3,17.9,2.4,2.0,2.2,2.2,2.8,3.2,0.5,5.9,3.1,0.6,0.0,0.0
Andrew Shaw,,,RW,4800,MON,@CLS,1,L2,P2,2.55,15.2,16.4,15.8,2.0,2.1,2.1,4.0,3.2,3.1,0.5,5.7,2.2,0.5,0.0,0.0
Ryan Pulock,,,D,4800,NYI,@WPG,1,D2,P2,2.48,22.9,21.9,22.3,2.0,2.1,2.1,2.1,3.0,2.9,0.9,4.9,2.7,0.6,0.0,0.0
Jeff Petry,,,D,4700,MON,@CLS,1,D2,P2,2.55,22.8,22.4,23.1,2.4,1.8,2.0,3.1,2.6,3.0,1.0,5.0,2.9,0.6,0.0,0.0
Brandon Saad,,,LW,4700,CHI,@SJ,1,L3,P2,2.76,18.6,17.6,17.7,2.8,2.6,2.5,2.3,3.0,2.9,0.7,5.2,3.0,0.6,0.0,0.0
Marc-Edouard Vlasic,,,D,4700,SJ,CHI,2,D1,,3.74,19.8,20.3,21.1,1.8,1.1,1.3,3.3,2.3,2.2,0.6,3.9,2.8,0.6,0.0,0.0
Boone Jenner,,,LW,4600,CLS,MON,1,L3,,2.95,14.5,16.8,17.3,0.8,1.8,2.2,1.2,2.8,2.9,0.4,5.4,3.0,0.7,0.0,0.0
Duncan Keith,,,D,4600,CHI,@SJ,1,D1,P2,2.76,23.6,23.2,22.9,1.2,1.5,1.6,3.0,2.9,2.8,0.9,4.7,2.8,0.6,0.0,0.0
Rasmus Dahlin,,,D,4600,BUF,DET,1,D2,P1,3.27,21.8,21.7,21.2,2.8,2.5,2.2,3.1,2.8,2.6,0.8,4.5,2.7,0.6,0.0,0.0
Nikolaj Ehlers,,,LW,4500,WPG,NYI,2,L1,P2,3.02,14.9,16.1,15.9,1.6,2.6,2.5,1.8,3.2,3.0,0.0,6.0,3.5,0.8,0.0,0.0
Drew Doughty,,,D,4500,LA,@VAN,1,D1,P1,2.58,25.2,26.8,26.7,2.2,2.0,1.9,3.3,2.9,2.9,1.2,4.6,3.3,0.7,0.0,0.0
Brandon Montour,,,D,4500,BUF,DET,1,D1,P2,3.27,20.5,21.8,22.4,1.6,2.3,2.1,2.1,2.5,2.7,0.5,4.8,2.5,0.6,0.0,0.0
Jordan Staal,,,C,4500,CAR,WAS,1,L2,P2,3.18,17.0,18.3,18.4,2.8,2.5,2.5,4.0,2.4,2.7,0.6,4.8,2.5,0.6,0.0,0.0
Jonathan Drouin,,,LW,4400,MON,@CLS,1,L3,P1,2.55,12.5,16.1,17.0,0.8,2.2,2.4,1.4,2.5,2.9,0.2,5.7,2.9,0.7,0.0,0.0
Andrei Svechnikov,,,LW,4400,CAR,WAS,1,L2,P2,3.18,15.1,14.2,14.6,2.6,1.9,2.3,3.2,2.3,2.5,0.4,4.7,2.9,0.7,0.0,0.0
Lars Eller,,,C,4400,WAS,@CAR,1,L3,P2,2.82,15.7,16.1,16.5,1.6,2.1,2.1,2.0,2.5,2.4,0.3,4.5,2.3,0.5,0.0,0.0
Josh Morrissey,,,D,4300,WPG,NYI,2,,,3.02,21.3,22.3,22.4,0.8,1.6,1.6,1.2,3.1,2.9,0.7,5.1,0.0,0.0,0.0,0.0
Esa Lindell,,,D,4300,DAL,@EDM,0,D1,P2,2.77,22.7,24.1,24.4,1.6,1.5,1.6,2.5,2.7,2.7,0.8,4.6,2.4,0.6,0.0,0.0
Cody Ceci,,,D,4300,OTT,FLA,1,D2,,3.04,20.2,22.6,22.5,1.6,1.9,1.7,2.6,2.7,2.6,1.0,4.2,2.6,0.6,0.0,0.0
Chris Tierney,,,C,4300,OTT,FLA,1,L2,P2,3.04,15.0,16.7,17.1,0.8,1.2,1.5,1.8,2.1,2.4,0.5,4.3,2.1,0.5,0.0,0.0
Brendan Perlini,,,LW,4300,CHI,@SJ,1,L2,,2.76,12.6,10.6,11.7,1.6,1.7,1.7,1.0,2.0,1.9,-0.7,4.5,2.3,0.5,0.0,0.0
Sven Baertschi,,,LW,4200,VAN,LA,1,,,2.92,13.7,15.5,15.5,1.2,1.7,1.7,1.5,2.5,2.5,-0.2,5.3,0.0,0.0,0.0,0.0
Alex Biega,,,D,4200,VAN,LA,1,D2,,2.92,22.2,17.5,17.5,2.8,2.3,2.3,2.5,2.5,2.5,1.0,4.0,1.0,0.2,0.0,0.0
Brett Connolly,,,RW,4200,WAS,@CAR,1,L3,,2.82,13.3,12.7,13.3,2.2,1.6,1.7,3.2,2.4,2.4,0.2,4.7,1.6,0.4,0.0,0.0
Evan Rodrigues,,,C,4200,BUF,DET,1,,,3.27,16.8,16.6,15.9,2.2,2.5,2.3,2.0,2.6,2.3,0.5,4.1,0.0,0.0,0.0,0.0
Zach Bogosian,,,D,4200,BUF,DET,1,,,3.27,19.7,21.8,21.6,1.0,1.4,1.4,2.1,2.2,2.3,0.6,3.9,0.0,0.0,0.0,0.0
Alexander Nylander,,,RW,4200,BUF,DET,1,,,3.27,13.0,12.7,12.7,2.0,1.5,1.5,3.0,2.1,2.1,0.3,3.8,0.0,0.0,0.0,0.0
Bobby Ryan,,,RW,4100,OTT,FLA,1,L3,P1,3.04,16.3,16.0,15.8,2.2,2.2,2.1,2.6,2.8,2.7,0.8,4.6,2.3,0.6,0.0,0.0
Jaccob Slavin,,,D,4100,CAR,WAS,1,D1,P2,3.18,22.7,22.5,22.9,2.0,1.5,1.8,1.9,2.5,2.5,0.8,4.2,2.7,0.7,0.0,0.0
Matt Niskanen,,,D,4100,WAS,@CAR,1,D2,P2,2.82,21.3,21.5,22.0,2.0,1.7,1.8,2.5,2.2,2.5,0.6,4.3,2.4,0.6,0.0,0.0
Mike Matheson,,,D,4100,FLA,@OTT,1,,,3.46,21.3,22.7,22.2,1.2,1.6,1.7,2.3,2.4,2.5,0.8,4.2,0.0,0.0,0.0,0.0
Johnny Boychuk,,,D,4100,NYI,@WPG,1,D1,,2.48,17.2,19.5,18.9,2.0,2.1,2.2,2.8,2.7,2.5,1.1,4.0,2.6,0.6,0.0,0.0
Alex Chiasson,,,RW,4100,EDM,DAL,1,L2,P1,2.73,15.5,17.8,17.0,2.4,1.7,1.7,2.9,2.1,2.5,0.5,4.4,2.5,0.6,0.0,0.0
Joe Thornton,,,C,4100,SJ,CHI,2,L3,P2,3.74,16.1,15.6,15.5,1.6,1.2,1.3,2.9,2.6,2.4,0.3,4.4,2.1,0.5,0.0,0.0
Kevin Labanc,,,RW,4100,SJ,CHI,2,L3,P1,3.74,16.3,13.4,13.9,2.4,1.3,1.6,2.7,2.5,2.4,0.1,4.8,2.4,0.6,0.0,0.0
Micheal Ferland,,,LW,4000,CAR,WAS,1,L3,P2,3.18,13.9,13.6,14.2,2.4,1.9,2.3,2.1,2.4,2.7,0.6,4.8,2.1,0.5,0.0,0.0
Jakub Vrana,,,LW,4000,WAS,@CAR,1,L3,P2,2.82,13.2,13.7,14.0,2.0,1.9,1.9,2.0,2.6,2.6,0.4,4.8,2.1,0.5,0.0,0.0
Paul Byron,,,LW,4000,MON,@CLS,1,,,2.55,12.2,14.8,14.7,1.6,1.6,1.7,2.1,2.4,2.6,0.4,4.9,0.0,0.0,0.0,0.0
Brett Pesce,,,D,4000,CAR,WAS,1,D2,,3.18,23.1,21.0,20.3,1.2,1.3,1.3,2.6,2.5,2.5,0.8,4.1,2.1,0.5,0.0,0.0
Michal Kempny,,,D,4000,WAS,@CAR,1,D1,,2.82,16.6,19.2,19.2,1.8,1.6,1.6,1.8,2.4,2.5,1.0,4.1,1.9,0.5,0.0,0.0
Miro Heiskanen,,,D,4000,DAL,@EDM,0,D2,P2,2.77,23.2,23.0,23.1,2.0,2.3,2.2,2.9,2.4,2.5,0.5,4.6,2.4,0.6,0.0,0.0
Alec Martinez,,,D,4000,LA,@VAN,1,D2,P2,2.58,21.4,20.9,21.2,0.6,1.2,1.2,2.1,2.5,2.5,0.8,4.2,2.7,0.7,0.0,0.0
Artem Anisimov,,,C,4000,CHI,@SJ,1,L3,P2,2.76,17.7,16.1,16.2,2.0,1.7,1.8,2.0,2.3,2.3,0.3,4.2,2.3,0.6,0.0,0.0
Phillip Danault,,,C,3900,MON,@CLS,1,L1,,2.55,17.3,17.9,17.7,1.8,1.6,1.6,2.7,3.0,2.6,0.2,5.0,2.4,0.6,0.0,0.0
Thomas Vanek,,,RW,3900,DET,@BUF,2,,,2.73,14.0,14.5,14.1,2.8,2.0,1.7,3.1,2.7,2.3,0.1,4.5,0.0,0.0,0.0,0.0
Danny DeKeyser,,,D,3900,DET,@BUF,2,D1,,2.73,25.9,22.5,22.1,1.0,1.1,1.1,2.7,2.4,2.3,0.7,3.9,1.8,0.5,0.0,0.0
Kris Russell,,,D,3900,EDM,DAL,1,D2,,2.73,20.4,20.8,20.5,0.2,0.9,0.9,1.6,2.3,2.3,0.8,3.8,2.6,0.7,0.0,0.0
Josh Bailey,,,LW,3800,NYI,@WPG,1,L2,P2,2.48,16.8,16.2,16.8,0.8,1.3,1.5,2.4,2.2,2.6,0.8,4.4,2.9,0.8,0.0,0.0
Colin White,,,C,3800,OTT,FLA,1,L3,P1,3.04,17.5,16.8,16.0,1.4,1.8,1.8,1.9,2.2,2.4,0.2,4.6,1.7,0.4,0.0,0.0
Jordan Eberle,,,RW,3800,NYI,@WPG,1,L1,P1,2.48,16.8,16.4,16.5,2.6,2.1,2.1,2.0,2.4,2.4,0.5,4.2,3.0,0.8,0.0,0.0
Frans Nielsen,,,C,3800,DET,@BUF,2,L3,P1,2.73,14.5,16.2,16.7,1.4,1.9,1.7,1.8,2.1,2.3,0.2,4.4,2.1,0.6,0.0,0.0
Jean-Gabriel Pageau,,,C,3800,OTT,FLA,1,L1,,3.04,20.1,17.7,17.7,1.2,2.2,2.2,2.1,2.3,2.3,0.7,3.8,2.5,0.7,0.0,0.0
Christian Wolanin,,,D,3800,OTT,FLA,1,D2,P2,3.04,20.7,17.1,17.1,2.2,1.4,1.4,2.7,2.3,2.3,0.8,3.8,1.8,0.5,0.0,0.0
Connor Murphy,,,D,3800,CHI,@SJ,1,D3,,2.76,17.8,19.5,19.5,1.4,1.6,1.6,1.6,2.4,2.3,0.8,3.7,2.0,0.5,0.0,0.0
Dylan DeMelo,,,D,3800,OTT,FLA,1,D1,,3.04,24.2,19.6,19.2,2.0,1.5,1.5,4.9,2.3,2.2,0.6,3.9,1.3,0.3,0.0,0.0
Tyler Toffoli,,,RW,3700,LA,@VAN,1,L2,P1,2.58,16.5,17.0,17.3,2.8,2.9,2.8,2.9,2.7,2.6,0.8,4.4,3.1,0.8,0.0,0.0
Ryan Murray,,,D,3700,CLS,MON,36,,,2.95,19.1,21.3,21.4,1.2,1.3,1.3,3.1,2.6,2.5,0.6,4.4,0.0,0.0,0.0,0.0
Ilya Kovalchuk,,,RW,3700,LA,@VAN,1,,,2.58,13.7,15.5,16.4,2.2,2.2,2.3,1.5,2.3,2.5,0.2,4.9,0.0,0.0,0.0,0.0
David Savard,,,D,3700,CLS,MON,1,D2,,2.95,22.5,19.6,19.6,2.2,1.8,1.5,3.3,2.1,2.1,0.8,3.4,2.3,0.6,0.0,0.0
Tyler Myers,,,D,3600,WPG,NYI,2,D2,P2,3.02,21.4,21.3,20.3,1.8,2.0,1.9,3.1,2.8,2.5,0.7,4.3,2.6,0.7,0.0,0.0
Jeff Carter,,,C,3600,LA,@VAN,1,L3,P1,2.58,18.9,17.7,18.2,1.8,1.8,2.2,3.0,2.0,2.3,0.2,4.4,3.3,0.9,0.0,0.0
Jake Virtanen,,,RW,3600,VAN,LA,1,L3,P2,2.92,15.3,15.0,14.8,1.6,2.2,2.2,2.4,2.2,2.4,0.2,4.5,1.7,0.5,0.0,0.0
Joel Armia,,,RW,3600,MON,@CLS,1,L3,P1,2.55,14.5,15.4,15.9,0.6,2.2,2.3,1.4,2.2,2.3,0.0,4.7,2.1,0.6,0.0,0.0
Alex Iafallo,,,LW,3600,LA,@VAN,1,L1,P2,2.58,17.2,16.6,16.9,1.2,1.8,1.8,2.7,2.0,2.3,0.4,4.2,2.0,0.6,0.0,0.0
Ben Hutton,,,D,3600,VAN,LA,1,,,2.92,26.5,23.2,22.6,1.2,1.7,1.6,1.9,2.2,2.3,0.9,3.7,0.0,0.0,0.0,0.0
Sam Gagner,,,RW,3600,EDM,DAL,1,L4,P2,2.73,11.2,14.9,14.9,1.2,2.0,2.0,1.5,2.2,2.2,0.8,3.6,2.4,0.7,0.0,0.0
Brett Kulak,,,D,3600,MON,@CLS,1,D2,,2.55,19.3,17.0,17.5,2.2,1.7,1.8,3.0,2.3,2.1,0.4,3.8,1.1,0.3,0.0,0.0
Oscar Lindberg,,,C,3600,OTT,FLA,1,L4,,3.04,15.3,12.4,12.3,2.0,1.8,1.7,3.3,2.2,2.1,0.2,4.0,1.5,0.4,0.0,0.0
Anthony Duclair,,,LW,3600,OTT,FLA,1,L2,P2,3.04,12.0,12.3,12.6,1.8,1.6,1.7,3.3,2.0,2.1,0.2,4.0,2.2,0.6,0.0,0.0
Nick Foligno,,,RW,3500,CLS,MON,1,L3,P1,2.95,17.1,17.8,17.9,1.4,2.0,1.9,1.8,2.3,2.5,0.4,4.5,2.6,0.7,0.0,0.0
Tyler Bertuzzi,,,LW,3500,DET,@BUF,2,L1,P2,2.73,18.6,17.2,16.3,1.6,1.9,1.7,1.6,2.4,2.4,0.2,4.7,2.5,0.7,0.0,0.0
Conor Sheary,,,LW,3500,BUF,DET,1,L3,P2,3.27,15.2,14.8,14.7,1.8,1.9,1.9,1.8,2.2,2.2,0.2,4.2,2.6,0.7,0.0,0.0
Scott Mayfield,,,D,3500,NYI,@WPG,1,D3,,2.48,19.6,18.8,18.9,2.0,1.2,1.3,2.1,2.0,2.3,0.7,3.8,2.1,0.6,0.0,0.0
Luke Glendening,,,RW,3500,DET,@BUF,2,L2,,2.73,16.9,15.6,15.8,1.6,1.6,1.3,3.1,2.1,2.1,0.1,4.0,1.7,0.5,0.0,0.0
Radek Faksa,,,C,3500,DAL,@EDM,0,L3,P2,2.77,16.0,16.7,16.4,2.4,1.7,1.5,3.1,2.4,2.1,0.2,4.0,2.2,0.6,0.0,0.0
Josh Leivo,,,LW,3500,VAN,LA,1,L2,P1,2.92,17.1,15.8,13.7,2.0,2.2,1.9,2.2,2.2,2.0,0.1,3.8,1.9,0.5,0.0,0.0
MacKenzie Weegar,,,D,3500,FLA,@OTT,1,D3,,3.46,16.4,17.3,16.8,1.2,0.9,1.2,2.2,2.0,1.9,0.3,3.6,1.4,0.4,0.0,0.0
Tanner Pearson,,,LW,3500,VAN,LA,1,L1,P2,2.92,16.6,13.6,13.8,2.4,1.7,1.7,3.5,2.1,1.9,-0.1,3.8,2.7,0.8,0.0,0.0
Evgeny Svechnikov,,,LW,3500,DET,@BUF,n/a,,,2.73,0.0,0.0,0.0,0.0,0.0,0.0,0.0,0.0,0.0,0.0,0.0,0.0,0.0,0.0,0.0
Stephen Johns,,,D,3500,DAL,@EDM,n/a,,,2.77,0.0,0.0,0.0,0.0,0.0,0.0,0.0,0.0,0.0,0.0,0.0,0.0,0.0,0.0,0.0
Casey Cizikas,,,C,3400,NYI,@WPG,1,L4,,2.48,16.0,14.6,13.9,1.0,1.6,1.5,1.0,2.4,2.4,0.3,4.5,1.8,0.5,0.0,0.0
Jesperi Kotkaniemi,,,C,3400,MON,@CLS,1,L3,P1,2.55,12.6,13.8,13.9,2.0,1.6,1.7,2.1,2.1,2.2,0.3,4.0,1.5,0.4,0.0,0.0
Oliver Bjorkstrand,,,RW,3400,CLS,MON,1,L2,P2,2.95,12.6,12.6,12.3,2.6,2.1,2.0,3.7,2.6,2.2,0.4,4.1,2.5,0.7,0.0,0.0
Max Veronneau,,,RW,3400,OTT,FLA,1,L1,,3.04,15.7,15.5,15.5,1.4,2.0,2.0,2.0,2.2,2.2,0.6,3.7,1.7,0.5,0.0,0.0
Jordan Martinook,,,RW,3400,CAR,WAS,1,L3,,3.18,13.5,14.6,14.6,1.2,1.4,1.8,1.6,1.9,2.1,-0.1,4.2,1.6,0.5,0.0,0.0
Dmitry Orlov,,,D,3400,WAS,@CAR,1,D2,P2,2.82,21.1,20.9,21.7,1.0,1.3,1.2,1.5,2.0,2.0,0.2,3.8,2.4,0.7,0.0,0.0
Devon Toews,,,D,3400,NYI,@WPG,1,D3,P1,2.48,18.8,17.9,17.9,2.8,1.6,1.7,2.3,2.1,2.0,0.3,3.8,1.7,0.5,0.0,0.0
Matt Roy,,,D,3400,LA,@VAN,1,D2,P2,2.58,17.2,16.8,16.8,1.0,1.3,1.3,1.7,2.0,2.0,0.3,3.7,2.0,0.6,0.0,0.0
Christopher Tanev,,,D,3400,VAN,LA,1,,,2.92,15.9,19.5,20.2,0.6,0.9,0.9,1.8,2.0,2.0,0.7,3.3,0.0,0.0,0.0,0.0
Nick Leddy,,,D,3400,NYI,@WPG,1,D1,P2,2.48,19.0,21.2,21.6,2.0,1.5,1.4,2.8,2.3,2.0,0.4,3.5,2.7,0.8,0.0,0.0
Justin Braun,,,D,3400,SJ,CHI,2,D2,,3.74,18.8,20.5,20.3,1.4,1.5,1.4,1.6,1.9,1.9,0.5,3.4,2.3,0.7,0.0,0.0
Antoine Roussel,,,LW,3300,VAN,LA,1,,,2.92,12.6,14.1,13.8,1.2,1.5,1.3,1.8,2.3,2.1,0.4,3.8,0.0,0.0,0.0,0.0
Joonas Donskoi,,,LW,3300,SJ,CHI,2,L4,,3.74,11.7,12.6,13.5,0.8,1.6,1.5,1.0,2.3,2.1,0.0,4.1,2.2,0.7,0.0,0.0
Jake McCabe,,,D,3300,BUF,DET,1,,,3.27,18.3,18.8,18.8,0.8,1.1,1.1,1.3,1.9,2.0,0.2,3.8,0.0,0.0,0.0,0.0
Jordie Benn,,,D,3300,MON,@CLS,1,D3,,2.55,19.5,18.5,18.3,1.4,1.4,1.2,1.9,2.3,2.0,0.7,3.3,2.1,0.6,0.0,0.0
Roope Hintz,,,C,3300,DAL,@EDM,0,L2,P1,2.77,16.4,14.5,13.8,1.4,1.7,1.6,2.2,2.1,2.0,0.2,3.8,1.9,0.6,0.0,0.0
Troy Stecher,,,D,3300,VAN,LA,1,D1,,2.92,22.2,22.0,19.8,1.6,1.6,1.4,2.6,2.1,1.9,0.5,3.2,1.7,0.5,0.0,0.0
Carl Hagelin,,,LW,3300,WAS,@CAR,1,L2,,2.82,14.9,14.3,14.6,1.4,1.6,1.7,2.6,1.8,1.7,0.4,3.1,2.1,0.6,0.0,0.0
Ben Chiarot,,,D,3200,WPG,NYI,2,D3,,3.02,18.4,18.9,18.4,0.8,1.4,1.3,1.7,2.5,2.2,0.5,3.8,1.7,0.5,0.0,0.0
Artturi Lehkonen,,,LW,3200,MON,@CLS,1,L2,,2.55,17.3,15.5,15.5,1.4,1.9,2.1,2.1,1.7,2.2,0.6,3.7,2.6,0.8,0.0,0.0
Adam Larsson,,,D,3200,EDM,DAL,1,D1,P2,2.73,20.1,21.3,21.8,1.0,1.4,1.4,2.6,1.9,2.1,0.5,3.6,2.3,0.7,0.0,0.0
Sean Walker,,,D,3200,LA,@VAN,1,D3,,2.58,16.8,15.4,15.4,1.8,1.4,1.4,2.8,1.8,1.8,0.4,3.3,1.8,0.6,0.0,0.0
Tim Heed,,,D,3200,SJ,CHI,2,D3,P2,3.74,16.2,14.4,14.4,1.4,1.2,1.2,1.4,1.8,1.8,0.4,3.3,2.4,0.8,0.0,0.0
Zack Kassian,,,RW,3200,EDM,DAL,1,L1,,2.73,18.9,15.9,14.4,1.8,1.7,1.4,3.4,2.4,1.7,-0.2,3.7,1.4,0.4,0.0,0.0
Kyle Okposo,,,RW,3100,BUF,DET,1,L4,P2,3.27,13.0,13.3,13.8,2.0,1.7,1.9,1.3,1.7,2.0,0.4,3.5,2.6,0.8,0.0,0.0
Rudolfs Balcers,,,LW,3100,OTT,FLA,1,L3,P2,3.04,15.3,12.4,12.4,1.6,1.4,1.4,2.9,2.0,2.0,0.5,3.5,2.2,0.7,0.0,0.0
Colton Sceviour,,,RW,3100,FLA,@OTT,1,,,3.46,11.1,12.0,12.2,1.2,1.9,2.0,1.1,2.0,2.0,0.3,3.7,0.0,0.0,0.0,0.0
Adam Pelech,,,D,3100,NYI,@WPG,1,D2,,2.48,20.6,19.5,18.5,1.2,1.4,1.3,1.9,2.1,2.0,0.4,3.6,2.1,0.7,0.0,0.0
Zack Smith,,,LW,3100,OTT,FLA,1,,,3.04,16.8,16.6,16.4,1.6,1.6,1.5,2.4,1.8,1.9,0.2,3.7,0.0,0.0,0.0,0.0
Magnus Paajarvi,,,RW,3100,OTT,FLA,1,L4,,3.04,12.9,13.5,13.4,2.0,1.7,1.5,3.8,2.0,1.8,-0.1,3.6,1.7,0.5,0.0,0.0
Valtteri Filppula,,,C,3100,NYI,@WPG,1,,,2.48,13.6,13.9,14.3,1.4,1.2,1.1,1.3,1.7,1.8,-0.4,4.0,0.0,0.0,0.0,0.0
Roman Polak,,,D,3100,DAL,@EDM,0,D2,,2.77,18.7,19.8,19.2,1.4,0.9,1.0,1.1,1.8,1.8,0.6,3.0,1.4,0.5,0.0,0.0
Loui Eriksson,,,RW,3100,VAN,LA,1,L1,P2,2.92,14.4,14.1,14.1,1.8,1.3,1.3,2.9,1.5,1.7,-0.4,3.7,2.2,0.7,0.0,0.0
Tyler Motte,,,RW,3100,VAN,LA,1,L4,,2.92,11.1,12.4,12.8,1.4,1.7,1.5,1.3,1.5,1.7,0.0,3.4,1.3,0.4,0.0,0.0
Dylan Sikura,,,RW,3100,CHI,@SJ,1,L1,,2.76,14.3,11.1,11.1,1.6,1.6,1.6,1.2,1.5,1.5,0.3,2.8,2.5,0.8,0.0,0.0
Jason Pominville,,,RW,3000,BUF,DET,1,L2,,3.27,12.3,11.6,12.5,1.2,1.5,1.8,0.8,1.5,2.1,-0.3,4.4,2.1,0.7,0.0,0.0
Dominik Kahun,,,RW,3000,CHI,@SJ,1,L3,P2,2.76,11.6,14.5,14.3,1.4,1.7,1.7,0.8,2.3,2.1,0.1,4.0,1.7,0.6,0.0,0.0
Drake Caggiula,,,LW,3000,CHI,@SJ,1,,,2.76,11.9,14.4,14.2,1.8,1.7,1.8,1.6,1.9,2.1,-0.2,4.4,0.0,0.0,0.0,0.0
Filip Hronek,,,D,3000,DET,@BUF,2,D1,P2,2.73,22.6,20.0,20.0,1.4,1.6,1.6,1.1,2.0,2.0,0.4,3.6,1.5,0.5,0.0,0.0
Martin Hanzal,,,C,3000,DAL,@EDM,90,,,2.77,12.8,12.9,12.9,1.8,2.0,2.0,1.5,2.0,2.0,0.1,3.9,0.0,0.0,0.0,0.0
Nikolay Goldobin,,,LW,3000,VAN,LA,1,L3,P1,2.92,14.7,14.8,15.0,1.4,1.5,1.7,1.0,1.8,2.0,0.3,3.7,1.9,0.6,0.0,0.0
Lucas Wallmark,,,C,3000,CAR,WAS,1,L3,,3.18,13.4,14.7,14.9,1.2,1.2,1.7,1.5,1.8,1.9,0.0,3.9,1.7,0.6,0.0,0.0
Nick Jensen,,,D,3000,WAS,@CAR,1,D3,,2.82,17.4,20.0,20.0,1.2,1.3,1.2,2.5,1.7,1.8,0.2,3.4,1.7,0.6,0.0,0.0
Jason Spezza,,,C,3000,DAL,@EDM,0,L4,,2.77,8.8,12.7,13.3,1.6,1.6,1.5,0.8,1.5,1.8,0.2,3.5,2.0,0.7,0.0,0.0
Ben Lovejoy,,,D,3000,DAL,@EDM,0,D3,,2.77,15.1,17.3,17.1,1.4,1.3,1.3,1.5,1.9,1.8,0.5,3.0,1.6,0.5,0.0,0.0
Slater Koekkoek,,,D,3000,CHI,@SJ,1,D2,,2.76,17.1,15.8,15.8,0.6,1.3,1.3,1.9,1.8,1.8,0.4,3.1,1.2,0.4,0.0,0.0
Denis Malgin,,,C,3000,FLA,@OTT,1,L3,,3.46,12.7,12.7,12.9,0.8,1.4,1.3,1.3,1.7,1.7,0.3,3.1,2.1,0.7,0.0,0.0
Jamie McGinn,,,LW,3000,FLA,@OTT,1,,,3.46,9.8,10.7,10.7,1.0,1.2,1.2,0.6,1.7,1.7,-0.1,3.4,0.0,0.0,0.0,0.0
William Borgen,,,D,3000,BUF,DET,1,,,3.27,14.9,14.9,14.9,0.0,0.0,0.0,0.0,0.0,0.0,0.0,0.0,0.0,0.0,0.0,0.0
Bryan Little,,,LW,2900,WPG,NYI,2,L3,P2,3.02,14.6,15.3,15.8,1.2,1.6,1.6,1.0,2.3,2.3,0.2,4.3,2.4,0.8,0.0,0.0
Darren Helm,,,RW,2900,DET,@BUF,2,L3,,2.73,15.9,14.2,14.5,1.2,1.8,1.7,1.4,1.9,1.9,0.3,3.4,2.0,0.7,0.0,0.0
Mikkel Boedker,,,RW,2900,OTT,FLA,1,L2,P1,3.04,11.7,13.4,14.2,0.8,1.0,1.2,1.1,1.5,1.8,0.0,3.6,2.1,0.7,0.0,0.0
Niklas Kronwall,,,D,2900,DET,@BUF,2,D2,P1,2.73,19.6,21.1,20.0,0.0,0.9,1.0,1.6,1.7,1.7,0.4,3.1,1.6,0.6,0.0,0.0
Marco Scandella,,,D,2900,BUF,DET,1,D3,,3.27,18.0,17.1,17.7,0.8,1.3,1.3,1.6,1.8,1.8,0.3,3.2,2.0,0.7,0.0,0.0
Mike Reilly,,,D,2900,MON,@CLS,1,,,2.55,18.5,17.7,18.7,2.2,1.9,1.8,2.0,1.8,1.8,0.5,3.2,0.0,0.0,0.0,0.0
Taylor Fedun,,,D,2900,DAL,@EDM,0,,,2.77,12.2,13.7,13.8,1.2,1.5,1.5,1.4,1.8,1.8,0.1,3.5,0.0,0.0,0.0,0.0
Brendan Leipsic,,,LW,2900,LA,@VAN,1,,,2.58,12.7,14.1,13.8,1.2,1.1,1.5,1.9,1.7,1.8,0.2,3.4,0.0,0.0,0.0,0.0
Casey Mittelstadt,,,C,2900,BUF,DET,1,L2,P2,3.27,12.6,13.4,13.5,2.0,1.7,1.5,2.1,1.9,1.7,0.1,3.3,2.9,1.0,0.0,0.0
Matt Benning,,,D,2900,EDM,DAL,1,D3,,2.73,17.1,15.2,14.7,1.0,1.3,1.3,1.0,1.6,1.6,0.1,3.2,2.0,0.7,0.0,0.0
Michael Rasmussen,,,C,2900,DET,@BUF,2,,,2.73,10.0,11.6,12.1,1.4,1.1,1.2,2.5,1.5,1.5,-0.3,3.3,0.0,0.0,0.0,0.0
Marian Gaborik,,,LW,2900,OTT,FLA,n/a,,,3.04,0.0,0.0,0.0,0.0,0.0,0.0,0.0,0.0,0.0,0.0,0.0,0.0,0.0,0.0,0.0
Anthony Beauvillier,,,LW,2800,NYI,@WPG,1,L3,P2,2.48,13.2,14.7,14.8,0.6,2.0,1.9,0.4,1.8,2.0,-0.2,4.3,2.5,0.9,0.0,0.0
Jason Dickinson,,,RW,2800,DAL,@EDM,0,L1,,2.77,14.7,13.9,13.3,2.4,1.5,1.4,1.7,1.6,1.8,0.1,3.4,1.5,0.5,0.0,0.0
Trevor Lewis,,,RW,2800,LA,@VAN,1,L3,,2.58,14.9,13.8,13.8,1.6,1.9,1.9,1.5,1.8,1.8,0.5,3.0,1.8,0.6,0.0,0.0
Marcus Sorensen,,,LW,2800,SJ,CHI,2,L3,P2,3.74,14.4,12.9,12.8,1.2,1.1,1.2,1.2,1.8,1.8,-0.2,3.8,1.3,0.5,0.0,0.0
Tom Kuhnhackl,,,C,2800,NYI,@WPG,1,L3,,2.48,12.7,13.0,13.0,0.8,0.8,0.8,2.1,1.7,1.7,0.0,3.5,1.2,0.4,0.0,0.0
Brandon Sutter,,,C,2800,VAN,LA,44,,,2.92,16.8,17.5,17.5,2.0,1.7,1.7,1.9,1.7,1.7,0.2,3.3,0.0,0.0,0.0,0.0
Markus Granlund,,,RW,2800,VAN,LA,1,L3,,2.92,15.1,13.8,15.1,2.0,1.6,1.6,1.7,1.5,1.7,-0.1,3.5,1.9,0.7,0.0,0.0
Mark Borowiecki,,,D,2800,OTT,FLA,1,D3,,3.04,17.3,15.5,15.5,1.0,1.1,1.1,2.5,1.6,1.6,0.5,2.8,1.6,0.6,0.0,0.0
Adam McQuaid,,,D,2800,CLS,MON,1,D3,,2.95,11.7,16.0,16.0,0.8,0.6,0.6,1.3,1.5,1.5,0.1,3.0,1.2,0.4,0.0,0.0
Scott Wilson,,,LW,2800,BUF,DET,1,,,3.27,12.1,11.3,11.3,1.4,1.6,1.6,1.6,1.3,1.3,0.1,2.5,0.0,0.0,0.0,0.0
Brandon Tanev,,,RW,2700,WPG,NYI,2,L3,,3.02,13.8,14.4,14.3,0.4,1.6,1.6,0.5,2.1,2.2,0.4,3.9,1.6,0.6,0.0,0.0
Carl Grundstrom,,,LW,2700,LA,@VAN,1,L2,P2,2.58,15.0,14.7,14.7,2.2,1.4,1.4,2.3,2.2,2.2,0.2,4.1,1.8,0.7,0.0,0.0
Calvin de Haan,,,D,2700,CAR,WAS,1,D3,,3.18,17.3,18.3,18.7,1.0,1.4,1.4,1.2,1.8,1.8,0.6,3.1,2.4,0.9,0.0,0.0
Mathieu Perreault,,,LW,2700,WPG,NYI,2,L4,P2,3.02,10.8,12.3,12.3,1.0,0.9,1.2,1.3,1.5,1.7,0.1,3.3,2.4,0.9,0.0,0.0
Derek Forbort,,,D,2700,LA,@VAN,1,D1,,2.58,18.6,20.7,20.7,0.6,0.8,0.9,1.6,1.6,1.7,0.3,3.0,2.0,0.7,0.0,0.0
Gustav Forsling,,,D,2700,CHI,@SJ,1,,,2.76,16.2,17.1,17.1,1.6,1.4,1.4,1.8,1.7,1.7,0.2,3.2,0.0,0.0,0.0,0.0
Madison Bowey,,,D,2700,DET,@BUF,2,D2,,2.73,21.4,15.2,14.8,0.8,1.1,1.0,1.7,1.7,1.6,0.4,2.9,1.5,0.6,0.0,0.0
Henrik Borgstrom,,,C,2700,FLA,@OTT,1,L3,P2,3.46,9.7,11.9,12.2,0.4,1.2,1.2,0.6,1.6,1.6,-0.1,3.4,2.6,1.0,0.0,0.0
Christian Jaros,,,D,2700,OTT,FLA,1,D3,P2,3.04,16.5,14.9,14.4,0.8,1.2,1.1,1.7,1.7,1.6,0.1,3.1,1.6,0.6,0.0,0.0
Jordan Weal,,,RW,2700,MON,@CLS,1,L4,P1,2.55,14.7,12.8,13.3,1.6,1.1,1.1,3.2,1.4,1.5,-0.2,3.1,2.0,0.7,0.0,0.0
Markus Nutivaara,,,D,2700,CLS,MON,1,D1,,2.95,20.9,17.4,17.4,2.4,1.1,1.3,2.6,1.2,1.5,0.1,3.0,1.7,0.6,0.0,0.0
Dryden Hunt,,,LW,2700,FLA,@OTT,1,L4,,3.46,11.8,10.9,10.9,1.2,1.7,1.7,1.5,1.5,1.5,-0.1,3.1,1.5,0.6,0.0,0.0
Blake Comeau,,,RW,2700,DAL,@EDM,0,L3,,2.77,16.3,16.0,15.7,2.0,1.2,1.3,1.7,1.5,1.5,0.0,2.9,1.7,0.6,0.0,0.0
Alexander Wennberg,,,C,2700,CLS,MON,1,,,2.95,13.2,15.2,15.1,1.4,0.9,0.9,1.1,1.1,1.4,0.0,2.9,0.0,0.0,0.0,0.0
Taro Hirose,,,LW,2600,DET,@BUF,2,L2,P2,2.73,14.9,14.9,14.9,1.0,1.0,1.0,2.8,2.8,2.8,2.1,3.4,0.3,0.1,0.0,0.0
Andrew Copp,,,C,2600,WPG,NYI,2,L4,,3.02,11.5,11.7,12.0,1.4,1.4,1.2,1.9,2.2,1.8,0.0,3.7,1.7,0.7,0.0,0.0
Christian Folin,,,D,2600,MON,@CLS,1,D3,,2.55,16.9,15.6,15.6,0.6,0.9,0.9,1.2,1.7,1.7,0.6,2.8,1.3,0.5,0.0,0.0
Trevor van Riemsdyk,,,D,2600,CAR,WAS,1,D3,,3.18,14.8,14.9,15.1,2.0,1.6,1.3,2.0,1.8,1.6,0.4,2.9,2.0,0.8,0.0,0.0
Jayce Hawryluk,,,RW,2600,FLA,@OTT,1,L2,P2,3.46,11.3,9.2,9.2,1.2,0.9,0.9,4.1,1.6,1.6,-0.6,3.7,1.6,0.6,0.0,0.0
Mattias Janmark,,,LW,2600,DAL,@EDM,0,L2,,2.77,14.6,15.5,15.2,1.4,1.4,1.3,1.8,1.7,1.7,0.1,3.2,2.2,0.8,0.0,0.0
Josh Currie,,,RW,2600,EDM,DAL,1,L3,,2.73,8.5,9.0,9.0,1.2,1.0,1.0,1.4,1.6,1.6,0.0,3.3,1.6,0.6,0.0,0.0
Matt Puempel,,,LW,2600,DET,@BUF,2,L4,,2.73,8.8,8.8,8.8,1.5,1.5,1.5,1.5,1.5,1.5,0.8,2.2,0.1,0.0,0.0,0.0
Justin Abdelkader,,,LW,2600,DET,@BUF,2,,,2.73,15.4,14.6,15.4,1.2,1.3,1.3,1.4,1.3,1.5,0.2,2.9,0.0,0.0,0.0,0.0
David Kampf,,,C,2600,CHI,@SJ,1,L4,,2.76,11.1,14.4,14.1,0.6,1.1,1.2,0.4,1.4,1.5,0.0,3.0,1.6,0.6,0.0,0.0
Brian Gibbons,,,LW,2600,OTT,FLA,1,L4,,3.04,11.8,10.6,10.6,0.8,0.8,0.8,3.2,1.5,1.2,-0.2,2.7,0.8,0.3,0.0,0.0
Tyler Lewington,,,D,2500,WAS,@CAR,3,,,2.82,13.8,13.8,13.8,1.5,1.5,1.5,3.5,3.5,3.5,-0.7,7.7,0.0,0.0,0.0,0.0
Brendan Gaunce,,,LW,2500,VAN,LA,126,,,2.92,7.6,7.6,7.6,0.7,0.7,0.7,2.7,2.7,2.7,-0.1,5.4,0.0,0.0,0.0,0.0
Zac Dalpe,,,C,2500,CLS,MON,132,,,2.95,9.0,9.0,9.0,1.0,1.0,1.0,2.5,2.5,2.5,2.5,2.5,0.0,0.0,0.0,0.0
Maxime Lajoie,,,D,2500,OTT,FLA,33,,,3.04,16.3,18.1,18.9,1.4,1.0,1.4,0.9,1.7,2.1,0.1,4.1,0.0,0.0,0.0,0.0
Dylan McIlrath,,,D,2500,DET,@BUF,2,D3,,2.73,14.9,14.9,14.9,0.0,0.0,0.0,2.0,2.0,2.0,2.0,2.0,0.2,0.1,0.0,0.0
Noah Juulsen,,,D,2500,MON,@CLS,100,,,2.55,12.9,17.1,17.1,1.0,1.0,1.0,1.2,1.9,1.9,0.5,3.3,0.0,0.0,0.0,0.0
Drake Batherson,,,RW,2500,OTT,FLA,27,,,3.04,11.3,13.4,13.4,1.0,0.9,0.9,1.7,2.0,2.0,0.2,3.9,0.0,0.0,0.0,0.0
Filip Zadina,,,LW,2500,DET,@BUF,13,,,2.73,16.0,15.4,15.4,1.6,2.0,2.0,1.8,1.9,1.9,0.1,3.8,0.0,0.0,0.0,0.0
Xavier Ouellet,,,D,2500,MON,@CLS,111,,,2.55,15.8,17.0,17.0,1.4,1.7,1.7,1.4,1.9,1.9,0.8,3.1,0.0,0.0,0.0,0.0
Filip Chlapik,,,C,2500,OTT,FLA,6,,,3.04,13.9,13.9,13.9,1.8,1.8,1.8,1.9,1.9,1.9,0.7,3.1,0.0,0.0,0.0,0.0
Matt Luff,,,RW,2500,LA,@VAN,20,,,2.58,8.3,11.1,11.1,0.8,1.4,1.4,1.1,1.9,1.9,-0.1,3.8,0.0,0.0,0.0,0.0
Henri Jokiharju,,,D,2500,CHI,@SJ,33,,,2.76,12.9,19.0,19.0,0.4,1.6,1.6,1.1,1.9,1.9,0.2,3.7,0.0,0.0,0.0,0.0
Andrew Ladd,,,RW,2500,NYI,@WPG,1,,,2.48,14.2,13.8,13.8,1.0,1.3,1.3,0.9,1.7,1.7,-0.1,3.5,0.0,0.0,0.0,0.0
Gavin Bayreuther,,,D,2500,DAL,@EDM,90,,,2.77,13.9,18.2,18.2,1.2,1.3,1.3,1.0,1.8,1.8,0.1,3.5,0.0,0.0,0.0,0.0
Andre Burakovsky,,,LW,2500,WAS,@CAR,1,L4,,2.82,11.4,10.7,11.1,1.6,1.4,1.3,1.5,1.9,1.7,-0.1,3.5,2.4,1.0,0.0,0.0
Brock McGinn,,,LW,2500,CAR,WAS,1,L4,,3.18,11.7,14.9,14.5,0.8,1.4,1.5,1.3,1.9,1.7,0.1,3.3,2.1,0.8,0.0,0.0
Nathan Beaulieu,,,D,2500,WPG,NYI,2,D1,,3.02,17.8,15.7,15.6,2.0,1.4,1.3,1.6,1.8,1.7,0.4,3.0,1.6,0.6,0.0,0.0
Thomas Hickey,,,D,2500,NYI,@WPG,1,,,2.48,16.6,18.5,18.5,1.6,1.2,1.2,1.7,1.6,1.6,0.7,2.4,0.0,0.0,0.0,0.0
Tyler Pitlick,,,LW,2500,DAL,@EDM,67,,,2.77,11.5,13.5,13.7,0.6,1.6,1.6,0.7,1.8,1.7,0.0,3.4,0.0,0.0,0.0,0.0
Evan Bouchard,,,D,2500,EDM,DAL,146,,,2.73,11.8,12.4,12.4,1.6,1.4,1.4,2.2,1.7,1.7,0.1,3.3,0.0,0.0,0.0,0.0
Adrian Kempe,,,C,2500,LA,@VAN,1,L2,P2,2.58,17.4,15.8,14.5,1.2,1.5,1.5,1.2,1.8,1.7,-0.1,3.5,2.0,0.8,0.0,0.0
Antti Suomela,,,C,2500,SJ,CHI,107,,,3.74,12.1,11.3,11.3,1.4,1.6,1.6,1.0,1.7,1.7,0.3,3.1,0.0,0.0,0.0,0.0
Trevor Daley,,,D,2500,DET,@BUF,2,,,2.73,18.6,18.5,18.6,0.6,1.1,1.1,1.1,1.5,1.6,0.2,2.9,0.0,0.0,0.0,0.0
Jean-Sebastien Dea,,,C,2500,PIT,,100,,,,7.8,10.3,10.3,1.0,1.3,1.3,1.1,1.6,1.6,0.0,3.2,0.0,0.0,0.0,0.0
Alex Formenton,,,LW,2500,OTT,FLA,146,,,3.04,12.1,11.7,11.7,2.2,1.8,1.8,2.2,1.6,1.6,0.2,3.0,0.0,0.0,0.0,0.0
Adam Lowry,,,C,2500,WPG,NYI,2,L3,,3.02,14.4,14.7,14.7,1.6,1.3,1.3,1.0,1.5,1.6,-0.1,3.3,2.2,0.9,0.0,0.0
Cal Clutterbuck,,,RW,2500,NYI,@WPG,1,L4,P2,2.48,14.3,13.8,13.7,0.8,1.4,1.2,0.6,1.9,1.6,-0.1,3.4,1.6,0.6,0.0,0.0
Kyle Clifford,,,LW,2500,LA,@VAN,1,L3,,2.58,13.4,10.3,10.2,1.8,1.6,1.5,2.0,1.8,1.6,-0.1,3.2,1.4,0.6,0.0,0.0
Lawrence Pilut,,,D,2500,BUF,DET,1,D1,,3.27,17.8,17.3,17.3,1.0,1.1,1.1,1.1,1.5,1.5,0.4,2.7,1.4,0.6,0.0,0.0
Travis Boyd,,,RW,2500,WAS,@CAR,1,L4,,2.82,8.5,10.0,9.9,1.0,0.7,0.7,1.2,1.4,1.5,0.0,2.9,1.1,0.4,0.0,0.0
Brooks Orpik,,,D,2500,WAS,@CAR,1,D3,,2.82,14.5,15.5,15.6,0.8,0.7,0.8,1.0,1.5,1.5,0.4,2.7,1.6,0.6,0.0,0.0
Victor Mete,,,D,2500,MON,@CLS,1,D1,,2.55,18.5,19.1,17.6,0.4,0.9,0.9,1.1,1.6,1.5,0.3,2.7,1.6,0.6,0.0,0.0
Riley Sheahan,,,C,2500,FLA,@OTT,1,L4,,3.46,14.1,13.7,13.4,1.4,1.4,1.3,0.9,1.7,1.5,0.1,2.9,1.9,0.8,0.0,0.0
Troy Brouwer,,,LW,2500,FLA,@OTT,1,L4,,3.46,12.7,13.4,12.6,0.8,1.2,1.1,0.7,1.4,1.5,0.1,2.9,1.5,0.6,0.0,0.0
Mark Pysyk,,,D,2500,FLA,@OTT,1,D2,,3.46,16.1,18.9,18.3,0.6,0.9,0.9,0.9,1.5,1.5,0.2,2.7,1.8,0.7,0.0,0.0
Jujhar Khaira,,,LW,2500,EDM,DAL,1,,,2.73,13.5,13.1,12.6,1.8,1.2,1.1,1.9,1.7,1.5,0.0,3.0,0.0,0.0,0.0,0.0
Ty Rattie,,,RW,2500,EDM,DAL,1,,,2.73,7.3,10.9,11.3,0.8,1.7,1.7,0.8,1.4,1.5,-0.2,3.2,0.0,0.0,0.0,0.0
Kevin Gravel,,,D,2500,EDM,DAL,1,,,2.73,13.4,14.8,14.8,2.2,1.3,1.3,1.3,1.5,1.5,0.6,2.4,0.0,0.0,0.0,0.0
Jamie Oleksiak,,,D,2500,DAL,@EDM,0,D3,,2.77,11.1,14.1,14.7,0.2,0.8,0.9,0.9,1.0,1.5,0.0,2.9,1.8,0.7,0.0,0.0
Julius Honka,,,D,2500,DAL,@EDM,0,,,2.77,11.7,13.7,13.7,0.6,1.3,1.3,0.7,1.5,1.5,0.3,2.7,0.0,0.0,0.0,0.0
Alexander Petrovic,,,D,2500,EDM,DAL,1,,,2.73,11.2,16.5,16.5,1.0,1.3,1.3,0.9,1.5,1.5,0.6,2.5,0.0,0.0,0.0,0.0
Jonny Brodzinski,,,RW,2500,LA,@VAN,1,L4,,2.58,8.3,10.3,10.3,0.4,1.1,1.1,1.1,1.5,1.5,-0.3,3.3,1.4,0.6,0.0,0.0
Derrick Pouliot,,,D,2500,VAN,LA,1,D2,P2,2.92,18.6,15.7,17.2,1.0,0.7,0.9,0.8,1.4,1.5,0.3,2.7,1.9,0.8,0.0,0.0
Brenden Dillon,,,D,2500,SJ,CHI,2,D2,,3.74,17.6,19.1,17.5,0.6,0.8,0.9,1.0,1.5,1.5,0.2,2.7,1.7,0.7,0.0,0.0
Tage Thompson,,,LW,2500,BUF,DET,1,,,3.27,11.2,12.0,12.1,1.0,1.8,1.7,0.5,1.3,1.4,0.0,2.8,0.0,0.0,0.0,0.0
C.J. Smith,,,LW,2500,BUF,DET,32,,,3.27,9.6,10.7,10.7,1.2,1.6,1.6,0.6,1.4,1.4,-0.2,3.0,0.0,0.0,0.0,0.0
Joe Hicketts,,,D,2500,DET,@BUF,109,,,2.73,17.6,17.1,17.1,1.0,1.1,1.1,1.5,1.4,1.4,1.0,1.7,0.0,0.0,0.0,0.0
Greg McKegg,,,C,2500,CAR,WAS,1,L4,,3.18,9.5,10.9,10.9,0.0,0.7,0.7,0.1,1.4,1.4,-0.5,3.2,1.1,0.4,0.0,0.0
Nic Dowd,,,C,2500,WAS,@CAR,1,L4,,2.82,10.1,10.2,10.3,0.6,0.6,0.7,1.5,1.5,1.4,-0.1,3.0,1.2,0.5,0.0,0.0
Jonas Siegenthaler,,,D,2500,WAS,@CAR,1,,,2.82,13.1,14.0,14.0,0.8,0.5,0.5,1.1,1.4,1.4,0.3,2.6,0.0,0.0,0.0,0.0
Matthew Peca,,,C,2500,MON,@CLS,1,,,2.55,9.0,10.5,10.5,1.2,0.9,0.9,0.9,1.4,1.4,-0.5,3.2,0.0,0.0,0.0,0.0
Scott Harrington,,,D,2500,CLS,MON,1,D3,,2.95,14.8,14.3,12.9,0.4,0.7,0.7,0.8,1.4,1.4,0.2,2.6,1.4,0.6,0.0,0.0
Ben Harpur,,,D,2500,OTT,FLA,1,,,3.04,19.3,17.4,17.6,1.8,0.9,1.0,1.8,1.3,1.4,0.5,2.3,0.0,0.0,0.0,0.0
Leo Komarov,,,RW,2500,NYI,@WPG,1,L3,,2.48,13.6,13.8,14.0,1.6,1.0,0.9,1.9,1.2,1.4,-0.1,2.9,1.8,0.7,0.0,0.0
Cameron Schilling,,,D,2500,WPG,NYI,67,,,3.02,12.1,12.1,12.1,0.5,0.5,0.5,1.4,1.4,1.4,0.1,2.6,0.0,0.0,0.0,0.0
Tobias Rieder,,,LW,2500,EDM,DAL,1,L4,P2,2.73,12.0,12.3,12.7,1.2,1.0,1.3,1.2,1.1,1.4,0.0,2.7,1.9,0.8,0.0,0.0
Erik Condra,,,RW,2500,DAL,@EDM,71,,,2.77,12.9,12.7,12.7,1.8,1.7,1.7,1.6,1.4,1.4,0.1,2.7,0.0,0.0,0.0,0.0
Austin Wagner,,,LW,2500,LA,@VAN,1,L4,,2.58,10.0,9.0,8.9,0.6,0.9,1.0,0.7,1.5,1.4,-0.6,3.3,1.4,0.6,0.0,0.0
Dion Phaneuf,,,D,2500,LA,@VAN,1,D3,,2.58,15.5,14.7,15.0,1.2,1.2,1.2,1.5,1.4,1.4,0.4,2.4,2.4,1.0,0.0,0.0
Barclay Goodrow,,,C,2500,SJ,CHI,2,L4,,3.74,11.8,11.4,11.0,1.2,1.1,1.0,2.0,1.6,1.4,0.0,2.9,1.5,0.6,0.0,0.0
Lukas Radil,,,RW,2500,SJ,CHI,2,L2,,3.74,10.4,10.7,10.7,0.4,1.1,1.1,0.3,1.4,1.4,-0.1,2.9,1.7,0.7,0.0,0.0
Alexandre Fortin,,,LW,2500,CHI,@SJ,106,,,2.76,9.9,10.6,10.6,0.6,1.2,1.2,0.4,1.4,1.4,-0.3,3.1,0.0,0.0,0.0,0.0
Carl Dahlstrom,,,D,2500,CHI,@SJ,1,D3,,2.76,19.7,18.5,18.5,1.4,1.1,1.1,1.3,1.4,1.4,0.3,2.5,1.4,0.6,0.0,0.0
Radim Simek,,,D,2500,SJ,CHI,2,,,3.74,14.6,15.3,15.2,1.8,1.0,1.0,1.4,1.4,1.4,0.1,2.6,0.0,0.0,0.0,0.0
Johan Larsson,,,C,2500,BUF,DET,1,L4,,3.27,14.9,14.5,14.4,1.4,0.9,1.0,2.0,1.3,1.3,0.1,2.6,1.5,0.6,0.0,0.0
Zemgus Girgensons,,,LW,2500,BUF,DET,1,L4,,3.27,13.8,13.6,13.7,0.6,1.0,1.1,0.9,1.3,1.3,0.0,2.6,1.6,0.6,0.0,0.0
Patrik Berglund,,,LW,2500,BUF,DET,104,,,3.27,13.3,13.0,13.0,0.4,1.1,1.1,0.5,1.3,1.3,-0.1,2.7,0.0,0.0,0.0,0.0
Casey Nelson,,,D,2500,BUF,DET,1,D3,,3.27,17.1,14.9,14.9,1.6,1.0,1.0,1.4,1.3,1.3,0.3,2.3,1.6,0.6,0.0,0.0
Jonathan Ericsson,,,D,2500,DET,@BUF,2,D3,,2.73,14.5,17.4,17.5,1.4,0.8,0.9,1.1,1.1,1.3,0.1,2.4,1.3,0.5,0.0,0.0
Brian Lashoff,,,D,2500,DET,@BUF,2,,,2.73,13.7,13.7,13.7,0.5,0.5,0.5,1.3,1.3,1.3,0.2,2.3,0.0,0.0,0.0,0.0
Martin Necas,,,C,2500,CAR,WAS,162,,,3.18,9.5,10.0,10.0,0.8,0.9,0.9,1.6,1.3,1.3,0.0,2.5,0.0,0.0,0.0,0.0
Saku Maenalanen,,,RW,2500,CAR,WAS,1,L4,,3.18,7.6,9.5,9.5,1.0,1.1,1.1,0.9,1.3,1.3,-0.5,3.1,1.3,0.5,0.0,0.0
Dmitrij Jaskin,,,LW,2500,WAS,@CAR,1,,,2.82,9.7,10.1,10.1,0.8,1.3,1.3,0.6,1.3,1.3,-0.2,2.9,0.0,0.0,0.0,0.0
Warren Foegele,,,RW,2500,CAR,WAS,1,,,3.18,11.2,11.8,12.8,1.4,1.2,1.4,0.8,1.1,1.3,-0.3,2.8,0.0,0.0,0.0,0.0
Devante Smith-Pelly,,,RW,2500,WAS,@CAR,37,,,2.82,10.2,10.8,10.9,0.6,1.1,1.1,0.7,1.1,1.3,-0.1,2.6,0.0,0.0,0.0,0.0
Brandon Dubinsky,,,LW,2500,CLS,MON,1,L4,,2.95,10.3,11.5,12.1,0.8,0.9,1.0,0.4,1.0,1.3,-0.4,3.0,1.8,0.7,0.0,0.0
Dale Weise,,,RW,2500,MON,@CLS,1,,,2.55,10.1,11.8,11.8,0.6,1.1,1.1,0.6,1.3,1.3,-0.2,2.8,0.0,0.0,0.0,0.0
Charles Hudon,,,RW,2500,MON,@CLS,1,,,2.55,12.1,11.7,11.7,1.4,1.6,1.6,1.0,1.3,1.3,0.2,2.5,0.0,0.0,0.0,0.0
Par Lindholm,,,C,2500,WPG,NYI,2,,,3.02,8.3,9.8,11.4,0.6,0.8,1.0,0.5,1.1,1.3,0.0,2.6,0.0,0.0,0.0,0.0
Matt Martin,,,LW,2500,NYI,@WPG,1,L4,,2.48,12.9,11.7,11.4,1.2,0.9,0.9,1.0,1.2,1.3,-0.1,2.7,1.1,0.4,0.0,0.0
Jack Roslovic,,,RW,2500,WPG,NYI,2,,,3.02,9.2,11.5,9.7,1.2,1.0,0.9,1.0,1.5,1.3,-0.8,3.4,0.0,0.0,0.0,0.0
Joe Morrow,,,D,2500,WPG,NYI,2,,,3.02,13.5,13.9,14.0,0.4,1.0,1.0,2.0,1.3,1.3,-0.1,2.7,0.0,0.0,0.0,0.0
Andrew Cogliano,,,LW,2500,DAL,@EDM,0,L3,,2.77,10.2,11.7,12.6,0.4,1.1,1.3,1.6,1.3,1.4,0.0,2.7,2.2,0.9,0.0,0.0
Valeri Nichushkin,,,LW,2500,DAL,@EDM,0,L4,P2,2.77,10.9,11.7,12.0,1.0,1.1,1.2,1.9,1.1,1.2,0.1,2.3,2.6,1.0,0.0,0.0
Jesse Puljujarvi,,,RW,2500,EDM,DAL,39,,,2.73,10.7,11.8,12.0,1.0,1.1,1.2,0.7,1.3,1.3,-0.1,2.8,0.0,0.0,0.0,0.0
Andrej Sekera,,,D,2500,EDM,DAL,1,D3,,2.73,17.0,16.4,16.4,1.0,1.2,1.2,1.6,1.3,1.3,0.0,2.5,1.9,0.8,0.0,0.0
Luke Schenn,,,D,2500,VAN,LA,1,D3,,2.92,15.3,13.3,13.3,1.6,1.2,1.2,1.3,1.3,1.3,0.5,2.0,1.6,0.6,0.0,0.0
Paul LaDue,,,D,2500,LA,@VAN,1,,,2.58,13.7,13.2,13.2,1.0,1.0,1.0,1.4,1.3,1.3,0.0,2.5,0.0,0.0,0.0,0.0
Daniel Brickley,,,D,2500,LA,@VAN,90,,,2.58,12.8,12.8,12.8,0.5,0.5,0.5,1.3,1.3,1.3,-0.3,2.8,0.0,0.0,0.0,0.0
Melker Karlsson,,,RW,2500,SJ,CHI,2,L4,,3.74,11.9,11.3,11.5,0.8,0.9,1.0,0.6,1.4,1.3,-0.5,3.2,1.7,0.7,0.0,0.0
Brandon Davidson,,,D,2500,CHI,@SJ,74,,,2.76,13.2,13.8,13.8,0.4,0.7,0.7,1.2,1.3,1.3,0.5,2.1,0.0,0.0,0.0,0.0
Vladimir Sobotka,,,C,2500,BUF,DET,1,L3,,3.27,13.2,13.7,14.2,0.6,1.0,1.0,0.9,1.2,1.2,-0.2,2.6,1.9,0.8,0.0,0.0
Karl Alzner,,,D,2500,MON,@CLS,48,,,2.55,17.1,17.3,17.3,0.6,0.9,0.9,1.4,1.2,1.2,0.2,2.2,0.0,0.0,0.0,0.0
Michael Dal Colle,,,RW,2500,NYI,@WPG,1,L2,,2.48,13.5,12.0,12.0,1.0,1.1,1.1,1.1,1.2,1.2,0.0,2.4,1.2,0.5,0.0,0.0
Joshua Ho-Sang,,,RW,2500,NYI,@WPG,20,,,2.48,16.0,14.5,14.5,1.0,1.0,1.0,1.1,1.1,1.1,-0.3,2.6,0.0,0.0,0.0,0.0
Mason Appleton,,,RW,2500,WPG,NYI,31,,,3.02,8.6,8.2,8.2,0.2,0.8,0.8,0.3,1.2,1.2,-0.3,2.6,0.0,0.0,0.0,0.0
Dmitry Kulikov,,,D,2500,WPG,NYI,2,D2,,3.02,19.3,16.6,15.6,0.8,0.7,0.7,1.1,1.3,1.2,0.4,2.0,1.4,0.6,0.0,0.0
Sami Niku,,,D,2500,WPG,NYI,2,D3,,3.02,16.6,14.0,14.0,0.4,0.7,0.7,1.0,1.2,1.2,0.0,2.3,1.6,0.6,0.0,0.0
Colby Cave,,,C,2500,EDM,DAL,1,L4,P2,2.73,11.7,11.5,12.1,1.0,1.3,1.2,1.1,1.2,1.2,-0.1,2.5,1.1,0.4,0.0,0.0
Kyle Brodziak,,,C,2500,EDM,DAL,1,L3,,2.73,10.1,11.6,11.7,1.2,1.0,1.1,1.7,1.3,1.2,-0.4,2.8,1.6,0.6,0.0,0.0
Milan Lucic,,,LW,2500,EDM,DAL,1,L3,P2,2.73,13.7,12.6,13.3,0.8,0.8,0.9,1.3,1.3,1.2,-0.2,2.5,2.2,0.9,0.0,0.0
Denis Gurianov,,,RW,2500,DAL,@EDM,25,,,2.77,10.5,10.9,10.9,1.0,1.1,1.1,1.0,1.1,1.1,0.2,2.0,0.0,0.0,0.0,0.0
Brandon Manning,,,D,2500,EDM,DAL,39,,,2.73,12.6,14.8,14.8,1.0,0.8,0.8,1.1,1.2,1.2,0.1,2.3,0.0,0.0,0.0,0.0
Adam Gaudette,,,C,2500,VAN,LA,1,L3,P2,2.92,11.8,10.6,10.7,0.6,1.0,1.0,0.4,1.3,1.2,-0.3,2.7,2.3,0.9,0.0,0.0
Jay Beagle,,,C,2500,VAN,LA,1,L4,,2.92,14.1,13.9,13.7,0.8,0.8,0.8,1.5,1.1,1.2,-0.2,2.5,1.3,0.5,0.0,0.0
Nikita Scherbak,,,RW,2500,LA,@VAN,81,,,2.58,8.6,10.2,10.2,1.2,1.5,1.5,0.7,1.2,1.2,-0.3,2.6,0.0,0.0,0.0,0.0
Ashton Sautner,,,D,2500,VAN,LA,1,D3,,2.92,18.3,14.5,14.5,1.6,1.2,1.2,1.1,1.2,1.2,0.5,2.0,1.2,0.5,0.0,0.0
Joakim Ryan,,,D,2500,SJ,CHI,2,D3,,3.74,14.5,12.8,12.8,1.0,0.8,0.8,0.9,1.2,1.2,-0.1,2.4,1.9,0.8,0.0,0.0
Christoffer Ehn,,,C,2500,DET,@BUF,2,L4,P2,2.73,11.3,10.5,10.1,0.8,0.8,0.7,1.3,1.2,1.1,-0.1,2.3,1.0,0.4,0.0,0.0
Jacob de la Rose,,,C,2500,DET,@BUF,2,,,2.73,10.3,10.9,11.4,0.2,1.1,0.9,0.7,1.0,1.1,-0.1,2.2,0.0,0.0,0.0,0.0
Wade Megan,,,C,2500,DET,@BUF,84,,,2.73,7.7,7.9,7.9,1.4,1.5,1.5,1.4,1.1,1.1,0.4,1.8,0.0,0.0,0.0,0.0
Christian Djoos,,,D,2500,WAS,@CAR,1,,,2.82,15.2,13.3,13.3,0.8,0.7,0.7,1.6,1.1,1.1,0.0,2.1,0.0,0.0,0.0,0.0
Nate Thompson,,,C,2500,MON,@CLS,1,L4,,2.55,15.1,13.4,13.1,2.0,1.0,0.9,2.8,1.3,1.1,0.0,2.3,1.0,0.4,0.0,0.0
Markus Hannikainen,,,RW,2500,CLS,MON,1,,,2.95,10.2,9.4,9.5,1.2,1.1,1.2,0.7,1.0,1.1,-0.2,2.4,0.0,0.0,0.0,0.0
Juho Lammikko,,,C,2500,FLA,@OTT,71,,,3.46,12.0,10.9,10.9,0.8,1.0,1.0,0.5,1.1,1.1,-0.4,2.6,0.0,0.0,0.0,0.0
Nick Paul,,,LW,2500,OTT,FLA,53,,,3.04,8.9,8.5,8.5,1.0,1.5,1.5,1.1,1.1,1.1,0.1,2.1,0.0,0.0,0.0,0.0
Dillon Heatherington,,,D,2500,DAL,@EDM,137,,,2.77,10.2,10.2,10.2,1.0,1.0,1.0,1.1,1.1,1.1,0.3,1.9,0.0,0.0,0.0,0.0
Michael Amadio,,,C,2500,LA,@VAN,1,L4,,2.58,11.0,10.2,10.2,1.0,0.8,0.8,2.1,1.1,1.1,-0.2,2.4,1.2,0.5,0.0,0.0
Tim Schaller,,,LW,2500,VAN,LA,1,L4,,2.92,9.8,10.7,10.8,1.0,0.9,0.9,2.2,1.1,1.1,-0.3,2.4,1.8,0.7,0.0,0.0
Ryan Spooner,,,RW,2500,VAN,LA,1,,,2.92,12.2,10.8,11.1,1.4,1.1,1.3,2.1,1.0,1.1,-0.1,2.3,0.0,0.0,0.0,0.0
Tom Pyatt,,,RW,2500,OTT,FLA,86,,,3.04,9.0,11.7,11.7,0.6,0.8,0.8,0.6,1.1,1.1,0.3,1.9,0.0,0.0,0.0,0.0
Luke Johnson,,,C,2500,CHI,@SJ,96,,,2.76,9.6,10.8,10.8,0.6,1.3,1.3,0.6,1.1,1.1,0.1,2.1,0.0,0.0,0.0,0.0
Rourke Chartier,,,C,2500,SJ,CHI,74,,,3.74,8.4,9.4,9.4,0.6,1.5,1.5,0.6,1.1,1.1,-0.1,2.3,0.0,0.0,0.0,0.0
Marcus Kruger,,,RW,2500,CHI,@SJ,1,L4,,2.76,7.3,10.2,10.5,0.8,0.9,1.0,0.7,1.1,1.1,-0.1,2.3,1.1,0.4,0.0,0.0
Danny O'Regan,,,C,2500,BUF,DET,29,,,3.27,11.9,11.9,11.9,2.0,2.0,2.0,1.0,1.0,1.0,1.0,1.0,0.0,0.0,0.0,0.0
Matt Hunwick,,,D,2500,BUF,DET,1,,,3.27,16.2,15.7,15.7,0.6,0.7,0.7,1.1,1.0,1.0,-0.1,2.1,0.0,0.0,0.0,0.0
Libor Sulak,,,D,2500,DET,@BUF,4,,,2.73,19.6,19.4,19.4,1.2,1.2,1.2,1.1,1.0,1.0,0.2,1.8,0.0,0.0,0.0,0.0
Chandler Stephenson,,,RW,2500,WAS,@CAR,1,,,2.82,10.3,11.6,12.2,0.0,0.5,0.5,0.2,0.9,1.0,-0.3,2.2,0.0,0.0,0.0,0.0
Nathan Walker,,,LW,2500,WAS,@CAR,144,,,2.82,8.1,8.1,8.1,0.7,0.7,0.7,1.0,1.0,1.0,-0.3,2.3,0.0,0.0,0.0,0.0
Haydn Fleury,,,D,2500,CAR,WAS,6,,,3.18,14.3,12.9,12.9,1.4,0.9,0.9,1.0,1.0,1.0,0.4,1.6,0.0,0.0,0.0,0.0
Riley Nash,,,C,2500,CLS,MON,1,L4,,2.95,11.5,9.7,10.5,0.6,1.1,0.9,0.8,1.1,1.0,-0.2,2.3,2.0,0.8,0.0,0.0
Lukas Sedlak,,,C,2500,CLS,MON,1,,,2.95,8.5,9.1,9.0,0.8,0.9,0.9,0.7,1.1,1.0,-0.2,2.2,0.0,0.0,0.0,0.0
Dean Kukan,,,D,2500,CLS,MON,1,,,2.95,12.7,13.1,13.1,0.6,0.5,0.5,0.8,1.0,1.0,0.0,2.0,0.0,0.0,0.0,0.0
Darren Archibald,,,RW,2500,OTT,FLA,34,,,3.04,5.6,7.4,7.4,0.6,0.8,0.8,0.4,1.0,1.0,0.0,2.0,0.0,0.0,0.0,0.0
Josh Brown,,,D,2500,FLA,@OTT,1,,,3.46,15.1,12.8,12.8,1.0,0.8,0.8,1.6,1.0,1.0,-0.1,2.1,0.0,0.0,0.0,0.0
Ian McCoshen,,,D,2500,FLA,@OTT,1,,,3.46,13.5,13.3,13.3,1.0,0.8,0.8,1.0,1.0,1.0,-0.3,2.3,0.0,0.0,0.0,0.0
Tanner Fritz,,,C,2500,NYI,@WPG,1,,,2.48,10.5,10.8,10.8,0.8,0.8,0.8,0.7,1.0,1.0,-0.2,2.2,0.0,0.0,0.0,0.0
Bogdan Kiselevich,,,D,2500,WPG,NYI,2,,,3.02,15.4,14.9,14.9,0.4,0.4,0.4,1.5,1.0,1.0,-0.1,2.2,0.0,0.0,0.0,0.0
Nelson Nogier,,,D,2500,WPG,NYI,113,,,3.02,10.1,10.1,10.1,1.0,1.0,1.0,1.0,1.0,1.0,1.0,1.0,0.0,0.0,0.0,0.0
Justin Dowling,,,C,2500,DAL,@EDM,0,L4,P2,2.77,12.0,12.3,12.3,0.8,0.8,0.8,0.8,0.9,0.9,0.3,1.6,0.0,0.0,0.0,0.0
Joseph Gambardella,,,LW,2500,EDM,DAL,1,,,2.73,9.1,7.5,7.5,0.4,0.3,0.3,1.7,0.9,0.9,-0.1,2.0,0.0,0.0,0.0,0.0
Brett Ritchie,,,RW,2500,DAL,@EDM,0,,,2.77,7.8,9.7,9.6,1.4,1.1,1.1,0.7,1.1,1.0,-0.4,2.3,0.0,0.0,0.0,0.0
Joel L'Esperance,,,RW,2500,DAL,@EDM,0,,,2.77,13.0,12.4,12.4,1.0,1.4,1.4,0.6,1.0,1.0,-0.4,2.4,0.0,0.0,0.0,0.0
Kailer Yamamoto,,,RW,2500,EDM,DAL,64,,,2.73,9.6,13.1,13.1,0.2,0.8,0.8,0.3,1.0,1.0,-0.1,2.1,0.0,0.0,0.0,0.0
Andreas Martinsen,,,RW,2500,CHI,@SJ,83,,,2.76,7.1,7.9,7.9,0.6,0.9,0.9,1.5,1.0,1.0,-0.4,2.4,0.0,0.0,0.0,0.0
Martin Frk,,,LW,2500,DET,@BUF,41,,,2.73,6.7,8.4,8.4,0.0,0.8,0.8,0.4,0.9,0.9,-0.3,2.2,0.0,0.0,0.0,0.0
Clark Bishop,,,C,2500,CAR,WAS,68,,,3.18,9.3,9.5,9.5,0.6,0.8,0.8,1.0,0.9,0.9,-0.7,2.4,0.0,0.0,0.0,0.0
Nicolas Deslauriers,,,LW,2500,MON,@CLS,1,L4,,2.55,9.1,10.0,9.9,0.8,0.9,0.9,0.7,0.9,0.9,-0.4,2.2,1.2,0.5,0.0,0.0
Matt Hendricks,,,RW,2500,WPG,NYI,2,L4,,3.02,7.5,9.0,9.0,0.6,0.9,0.9,1.0,0.9,0.9,0.0,1.7,1.0,0.4,0.0,0.0
Ross Johnston,,,LW,2500,NYI,@WPG,1,,,2.48,9.4,7.9,7.9,1.4,0.7,0.7,1.3,0.9,0.9,-0.2,2.0,0.0,0.0,0.0,0.0
Luca Sbisa,,,D,2500,NYI,@WPG,1,,,2.48,15.6,15.5,15.5,1.0,0.6,0.6,1.1,0.9,0.9,0.0,1.7,0.0,0.0,0.0,0.0
Ben Gleason,,,D,2500,DAL,@EDM,126,,,2.77,14.9,14.9,14.9,0.5,0.5,0.5,0.9,0.9,0.9,-0.2,2.0,0.0,0.0,0.0,0.0
Zack MacEwen,,,C,2500,VAN,LA,32,,,2.92,7.2,7.2,7.2,0.5,0.5,0.5,0.9,0.9,0.9,-0.9,2.6,0.0,0.0,0.0,0.0
Chris Kunitz,,,LW,2500,CHI,@SJ,1,L4,,2.76,6.5,8.5,9.1,0.8,0.7,0.8,0.5,1.0,0.9,-0.3,2.1,1.4,0.6,0.0,0.0
John Hayden,,,LW,2500,CHI,@SJ,1,,,2.76,6.8,9.0,9.2,1.4,0.8,0.8,1.1,0.8,0.8,-0.3,2.0,0.0,0.0,0.0,0.0
Micheal Haley,,,LW,2500,SJ,CHI,2,,,3.74,8.3,8.0,8.0,1.0,0.8,0.8,0.8,0.9,0.9,-0.4,2.1,0.0,0.0,0.0,0.0
Luke Witkowski,,,RW,2500,DET,@BUF,2,L4,,2.73,11.1,9.6,9.6,0.4,0.5,0.5,0.4,0.8,0.8,0.0,1.5,0.8,0.3,0.0,0.0
Matt Tennyson,,,D,2500,BUF,DET,101,,,3.27,10.7,10.7,10.7,1.0,1.0,1.0,0.8,0.8,0.8,0.1,1.4,0.0,0.0,0.0,0.0
Kole Sherwood,,,RW,2500,CLS,MON,37,,,2.95,9.3,9.3,9.3,1.0,1.0,1.0,0.8,0.8,0.8,0.4,1.1,0.0,0.0,0.0,0.0
Adam Clendening,,,D,2500,CLS,MON,32,,,2.95,10.7,10.7,10.7,0.8,0.8,0.8,0.8,0.8,0.8,0.1,1.4,0.0,0.0,0.0,0.0
Logan Brown,,,C,2500,OTT,FLA,31,,,3.04,10.5,10.5,10.5,1.0,1.0,1.0,0.8,0.8,0.8,-0.3,1.8,0.0,0.0,0.0,0.0
Cody Goloubef,,,D,2500,OTT,FLA,13,,,3.04,10.8,10.8,10.8,0.6,0.6,0.6,0.8,0.8,0.8,-0.2,1.8,0.0,0.0,0.0,0.0
Guillaume Brisebois,,,D,2500,VAN,LA,1,D1,,2.92,12.6,11.0,11.0,0.8,0.6,0.6,0.9,0.8,0.8,0.4,1.1,0.1,0.0,0.0,0.0
Eric Robinson,,,LW,2500,CLS,MON,1,L4,P2,2.95,9.7,11.8,11.8,1.4,1.4,1.4,0.7,0.7,0.7,0.2,1.3,0.7,0.3,0.0,0.0
Sonny Milano,,,LW,2500,CLS,MON,146,,,2.95,8.4,8.3,8.3,0.4,0.6,0.6,0.8,0.7,0.7,-0.5,1.9,0.0,0.0,0.0,0.0
Patrick Russell,,,RW,2500,EDM,DAL,112,,,2.73,8.8,8.8,8.8,1.2,1.0,1.0,0.7,0.7,0.7,-0.1,1.4,0.0,0.0,0.0,0.0
Marc Methot,,,D,2500,DAL,@EDM,135,,,2.77,16.5,16.9,16.9,0.6,0.3,0.3,0.7,0.7,0.7,0.1,1.4,0.0,0.0,0.0,0.0
Ryan Kuffner,,,LW,2500,DET,@BUF,2,L3,P2,2.73,8.6,8.6,8.6,0.8,0.8,0.8,0.6,0.6,0.6,-0.1,1.4,0.1,0.0,0.0,0.0
Janne Kuokkanen,,,RW,2500,CAR,WAS,86,,,3.18,10.6,10.9,10.9,1.0,0.9,0.9,0.7,0.6,0.6,0.2,1.1,0.0,0.0,0.0,0.0
Maxim Mamin,,,C,2500,FLA,@OTT,130,,,3.46,6.5,7.3,7.3,1.4,1.1,1.1,0.8,0.6,0.6,-0.1,1.4,0.0,0.0,0.0,0.0
Stephen Gionta,,,RW,2500,NYI,@WPG,116,,,2.48,8.8,8.8,8.8,0.8,0.8,0.8,0.6,0.6,0.6,-0.2,1.4,0.0,0.0,0.0,0.0
Brad Malone,,,C,2500,EDM,DAL,1,,,2.73,7.6,8.7,8.7,0.6,0.9,0.9,0.3,0.6,0.6,-0.2,1.3,0.0,0.0,0.0,0.0
Remi Elie,,,LW,2500,BUF,DET,54,,,3.27,9.4,10.4,10.4,0.6,0.6,0.6,0.3,0.5,0.5,-0.2,1.2,0.0,0.0,0.0,0.0
Trevor Carrick,,,D,2500,CAR,WAS,123,,,3.18,11.5,11.5,11.5,0.0,0.0,0.0,0.5,0.5,0.5,0.5,0.5,0.0,0.0,0.0,0.0
Kevin Stenlund,,,C,2500,CLS,MON,67,,,2.95,11.0,11.0,11.0,0.8,0.8,0.8,0.5,0.5,0.5,-0.1,1.1,0.0,0.0,0.0,0.0
Gabriel Carlsson,,,D,2500,CLS,MON,73,,,2.95,9.3,9.3,9.3,1.0,1.0,1.0,0.5,0.5,0.5,0.5,0.5,0.0,0.0,0.0,0.0
Vitaly Abramov,,,RW,2500,OTT,FLA,6,,,3.04,13.9,13.9,13.9,0.0,0.0,0.0,0.5,0.5,0.5,0.5,0.5,0.0,0.0,0.0,0.0
Riley Stillman,,,D,2500,FLA,@OTT,27,,,3.46,11.4,11.4,11.4,1.0,1.0,1.0,0.5,0.5,0.5,0.5,0.5,0.0,0.0,0.0,0.0
Cooper Marody,,,C,2500,EDM,DAL,106,,,2.73,6.3,6.9,6.9,0.8,1.0,1.0,0.4,0.5,0.5,0.0,1.0,0.0,0.0,0.0,0.0
Josh Teves,,,D,2500,VAN,LA,1,,,2.92,13.7,13.7,13.7,0.0,0.0,0.0,0.5,0.5,0.5,0.5,0.5,0.0,0.0,0.0,0.0
Jacob Middleton,,,D,2500,SJ,CHI,6,,,3.74,5.0,5.0,5.0,0.0,0.0,0.0,0.5,0.5,0.5,0.5,0.5,0.0,0.0,0.0,0.0
Jack Rodewald,,,RW,2500,OTT,FLA,48,,,3.04,7.2,7.1,7.1,0.4,0.3,0.3,0.5,0.4,0.4,-0.1,0.9,0.0,0.0,0.0,0.0
Marko Dano,,,LW,2500,COL,,126,,,,6.3,6.9,6.9,0.2,0.4,0.4,0.3,0.4,0.4,-0.2,1.0,0.0,0.0,0.0,0.0
Dylan Gambrell,,,C,2500,SJ,CHI,2,,,3.74,8.3,8.2,8.2,0.8,0.7,0.7,0.5,0.4,0.4,0.0,0.8,0.0,0.0,0.0,0.0
Erik Brannstrom,,,D,2500,OTT,FLA,6,,,3.04,18.1,18.1,18.1,0.0,0.0,0.0,0.3,0.3,0.3,-0.1,0.6,0.0,0.0,0.0,0.0
Sheldon Rempal,,,RW,2500,LA,@VAN,115,,,2.58,6.8,8.7,8.7,0.2,0.4,0.4,0.1,0.3,0.3,-0.1,0.7,0.0,0.0,0.0,0.0
Kurtis MacDermid,,,D,2500,LA,@VAN,1,,,2.58,7.3,8.6,8.6,0.4,0.4,0.4,0.2,0.3,0.3,-0.1,0.7,0.0,0.0,0.0,0.0
Jacob Nilsson,,,C,2500,CHI,@SJ,90,,,2.76,7.9,7.9,7.9,0.0,0.0,0.0,0.3,0.3,0.3,-0.1,0.6,0.0,0.0,0.0,0.0
Nicolas Roy,,,C,2500,CAR,WAS,141,,,3.18,6.8,7.0,7.0,0.2,0.2,0.2,0.2,0.2,0.2,-0.1,0.4,0.0,0.0,0.0,0.0
Taylor Leier,,,LW,2500,PHI,,n/a,,,,0.0,0.0,0.0,0.0,0.0,0.0,0.0,0.0,0.0,0.0,0.0,0.0,0.0,0.0,0.0
Brandon Hickey,,,D,2500,BUF,DET,n/a,,,3.27,0.0,0.0,0.0,0.0,0.0,0.0,0.0,0.0,0.0,0.0,0.0,0.0,0.0,0.0,0.0
Patrick Brown,,,C,2500,CAR,WAS,43,,,3.18,0.0,0.0,0.0,0.0,0.0,0.0,0.0,0.0,0.0,0.0,0.0,0.0,0.0,0.0,0.0
Jayson Megna,,,C,2500,WAS,@CAR,165,,,2.82,0.0,0.0,0.0,0.0,0.0,0.0,0.0,0.0,0.0,0.0,0.0,0.0,0.0,0.0,0.0
Riley Barber,,,RW,2500,WAS,@CAR,109,,,2.82,0.0,0.0,0.0,0.0,0.0,0.0,0.0,0.0,0.0,0.0,0.0,0.0,0.0,0.0,0.0
Aaron Ness,,,D,2500,WAS,@CAR,136,,,2.82,0.0,0.0,0.0,0.0,0.0,0.0,0.0,0.0,0.0,0.0,0.0,0.0,0.0,0.0,0.0
Dan Renouf,,,D,2500,CAR,WAS,78,,,3.18,0.0,0.0,0.0,0.0,0.0,0.0,0.0,0.0,0.0,0.0,0.0,0.0,0.0,0.0,0.0
Gustav Olofsson,,,D,2500,MIN,,n/a,,,,0.0,0.0,0.0,0.0,0.0,0.0,0.0,0.0,0.0,0.0,0.0,0.0,0.0,0.0,0.0
Derek MacKenzie,,,C,2500,FLA,@OTT,154,,,3.46,2.7,2.7,2.7,0.0,0.0,0.0,0.0,0.0,0.0,0.0,0.0,0.0,0.0,0.0,0.0
Vincent Praplan,,,C,2500,SJ,CHI,n/a,,,3.74,0.0,0.0,0.0,0.0,0.0,0.0,0.0,0.0,0.0,0.0,0.0,0.0,0.0,0.0,0.0
Jonathan Davidsson,,,RW,2500,CLS,MON,n/a,,,2.95,0.0,0.0,0.0,0.0,0.0,0.0,0.0,0.0,0.0,0.0,0.0,0.0,0.0,0.0,0.0
Brady Keeper,,,D,2500,FLA,@OTT,1,D3,,3.46,0.0,0.0,0.0,0.0,0.0,0.0,0.0,0.0,0.0,0.0,0.0,0.0,0.0,0.0,0.0
Dennis Seidenberg,,,D,2500,NYI,@WPG,1,,,2.48,0.0,0.0,0.0,0.0,0.0,0.0,0.0,0.0,0.0,0.0,0.0,0.0,0.0,0.0,0.0
Tucker Poolman,,,D,2500,WPG,NYI,31,,,3.02,0.0,0.0,0.0,0.0,0.0,0.0,0.0,0.0,0.0,0.0,0.0,0.0,0.0,0.0,0.0
Ethan Bear,,,D,2500,EDM,DAL,172,,,2.73,0.0,0.0,0.0,0.0,0.0,0.0,0.0,0.0,0.0,0.0,0.0,0.0,0.0,0.0,0.0
Gabriel Vilardi,,,C,2500,LA,@VAN,n/a,,,2.58,0.0,0.0,0.0,0.0,0.0,0.0,0.0,0.0,0.0,0.0,0.0,0.0,0.0,0.0,0.0
Tanner Kero,,,C,2500,VAN,LA,68,,,2.92,0.0,0.0,0.0,0.0,0.0,0.0,0.0,0.0,0.0,0.0,0.0,0.0,0.0,0.0,0.0
Reid Boucher,,,C,2500,VAN,LA,123,,,2.92,5.5,5.5,5.5,0.0,0.0,0.0,0.0,0.0,0.0,0.0,0.0,0.0,0.0,0.0,0.0
Quinn Hughes,,,D,2500,VAN,LA,1,,,2.92,0.0,0.0,0.0,0.0,0.0,0.0,0.0,0.0,0.0,0.0,0.0,0.0,0.0,0.0,0.0
Kale Clague,,,D,2500,LA,@VAN,n/a,,,2.58,0.0,0.0,0.0,0.0,0.0,0.0,0.0,0.0,0.0,0.0,0.0,0.0,0.0,0.0,0.0
Maxim Letunov,,,C,2500,SJ,CHI,n/a,,,3.74,0.0,0.0,0.0,0.0,0.0,0.0,0.0,0.0,0.0,0.0,0.0,0.0,0.0,0.0,0.0
Jayden Halbgewachs,,,LW,2500,SJ,CHI,n/a,,,3.74,0.0,0.0,0.0,0.0,0.0,0.0,0.0,0.0,0.0,0.0,0.0,0.0,0.0,0.0,0.0
