C,C,W,W,W,D,D,G,UTIL,,Instructions,,,,,,,,
,,,,,,,,,,1. Locate the player you want to select in the list below ,,,,,,,,
,,,,,,,,,,2. Copy the ID of your player (you can use the Name + ID column or the ID column) ,,,,,,,,
,,,,,,,,,,3. Paste the ID into the roster position desired ,,,,,,,,
,,,,,,,,,,4. You must include an ID for each player; you cannot use just the player's name ,,,,,,,,
,,,,,,,,,,5. You can create up to 500 lineups per file ,,,,,,,,
 ,,,,,,,,,,,,,,,,,,
,,,,,,,,,,Position,Name + ID,Name,ID,Roster Position,Salary,Game Info,TeamAbbrev,AvgPointsPerGame
,,,,,,,,,,G,Braden Holtby (12322564),Braden Holtby,12322564,G,8300,WAS@CAR 03/28/2019 07:00PM ET,WAS,4.53
,,,,,,,,,,G,Martin Jones (12322565),Martin Jones,12322565,G,8200,CHI@SJ 03/28/2019 10:30PM ET,SJ,4.02
,,,,,,,,,,G,Pheonix Copley (12322567),Pheonix Copley,12322567,G,8100,WAS@CAR 03/28/2019 07:00PM ET,WAS,4.58
,,,,,,,,,,G,Connor Hellebuyck (12322566),Connor Hellebuyck,12322566,G,8100,NYI@WPG 03/28/2019 08:00PM ET,WPG,4.91
,,,,,,,,,,LW,Alex Ovechkin (12321762),Alex Ovechkin,12321762,W/UTIL,8000,WAS@CAR 03/28/2019 07:00PM ET,WAS,5.28
,,,,,,,,,,G,Mikko Koskinen (12322568),Mikko Koskinen,12322568,G,8000,DAL@EDM 03/28/2019 09:00PM ET,EDM,4.21
,,,,,,,,,,G,Aaron Dell (12322569),Aaron Dell,12322569,G,8000,CHI@SJ 03/28/2019 10:30PM ET,SJ,2.9
,,,,,,,,,,G,Carey Price (12322570),Carey Price,12322570,G,7900,MON@CLS 03/28/2019 07:00PM ET,MON,4.78
,,,,,,,,,,G,Eric Comrie (12322572),Eric Comrie,12322572,G,7900,NYI@WPG 03/28/2019 08:00PM ET,WPG,0
,,,,,,,,,,G,Laurent Brossoit (12322573),Laurent Brossoit,12322573,G,7900,NYI@WPG 03/28/2019 08:00PM ET,WPG,5.36
,,,,,,,,,,C,Connor McDavid (12321526),Connor McDavid,12321526,C/UTIL,7900,DAL@EDM 03/28/2019 09:00PM ET,EDM,5.44
,,,,,,,,,,G,Jacob Markstrom (12322571),Jacob Markstrom,12322571,G,7900,LA@VAN 03/28/2019 10:00PM ET,VAN,4.49
,,,,,,,,,,RW,Patrick Kane (12321760),Patrick Kane,12321760,W/UTIL,7900,CHI@SJ 03/28/2019 10:30PM ET,CHI,5.47
,,,,,,,,,,G,Carter Hutton (12322574),Carter Hutton,12322574,G,7800,DET@BUF 03/28/2019 07:00PM ET,BUF,3.91
,,,,,,,,,,G,Anthony Stolarz (12322575),Anthony Stolarz,12322575,G,7800,DAL@EDM 03/28/2019 09:00PM ET,EDM,3.16
,,,,,,,,,,G,Antti Niemi (12322577),Antti Niemi,12322577,G,7700,MON@CLS 03/28/2019 07:00PM ET,MON,3.56
,,,,,,,,,,C,Aleksander Barkov (12321528),Aleksander Barkov,12321528,C/UTIL,7700,FLA@OTT 03/28/2019 07:30PM ET,FLA,4.4
,,,,,,,,,,G,Thatcher Demko (12322576),Thatcher Demko,12322576,G,7700,LA@VAN 03/28/2019 10:00PM ET,VAN,3.13
,,,,,,,,,,C,Jack Eichel (12321530),Jack Eichel,12321530,C/UTIL,7600,DET@BUF 03/28/2019 07:00PM ET,BUF,4.81
,,,,,,,,,,G,Linus Ullmark (12322579),Linus Ullmark,12322579,G,7600,DET@BUF 03/28/2019 07:00PM ET,BUF,4.11
,,,,,,,,,,G,Sergei Bobrovsky (12322578),Sergei Bobrovsky,12322578,G,7600,MON@CLS 03/28/2019 07:00PM ET,CLS,4.67
,,,,,,,,,,G,Jimmy Howard (12322580),Jimmy Howard,12322580,G,7500,DET@BUF 03/28/2019 07:00PM ET,DET,4.05
,,,,,,,,,,G,Sam Montembeault (12322581),Sam Montembeault,12322581,G,7500,FLA@OTT 03/28/2019 07:30PM ET,FLA,2.64
,,,,,,,,,,LW,Leon Draisaitl (12321764),Leon Draisaitl,12321764,W/UTIL,7500,DAL@EDM 03/28/2019 09:00PM ET,EDM,4.79
,,,,,,,,,,G,Joonas Korpisalo (12322584),Joonas Korpisalo,12322584,G,7400,MON@CLS 03/28/2019 07:00PM ET,CLS,2.99
,,,,,,,,,,G,Anders Nilsson (12322582),Anders Nilsson,12322582,G,7400,FLA@OTT 03/28/2019 07:30PM ET,OTT,4.08
,,,,,,,,,,G,Robin Lehner (12322583),Robin Lehner,12322583,G,7400,NYI@WPG 03/28/2019 08:00PM ET,NYI,5.05
,,,,,,,,,,G,Jonathan Bernier (12322586),Jonathan Bernier,12322586,G,7300,DET@BUF 03/28/2019 07:00PM ET,DET,3.23
,,,,,,,,,,G,Roberto Luongo (12322587),Roberto Luongo,12322587,G,7300,FLA@OTT 03/28/2019 07:30PM ET,FLA,3.38
,,,,,,,,,,G,James Reimer (12322588),James Reimer,12322588,G,7300,FLA@OTT 03/28/2019 07:30PM ET,FLA,3.14
,,,,,,,,,,C,Tyler Seguin (12321532),Tyler Seguin,12321532,C/UTIL,7300,DAL@EDM 03/28/2019 09:00PM ET,DAL,4.67
,,,,,,,,,,G,Ben Bishop (12322585),Ben Bishop,12322585,G,7300,DAL@EDM 03/28/2019 09:00PM ET,DAL,5.54
,,,,,,,,,,RW,Cam Atkinson (12321766),Cam Atkinson,12321766,W/UTIL,7200,MON@CLS 03/28/2019 07:00PM ET,CLS,4.42
,,,,,,,,,,G,Craig Anderson (12322589),Craig Anderson,12322589,G,7200,FLA@OTT 03/28/2019 07:30PM ET,OTT,4.09
,,,,,,,,,,G,Thomas Greiss (12322590),Thomas Greiss,12322590,G,7200,NYI@WPG 03/28/2019 08:00PM ET,NYI,4.9
,,,,,,,,,,C,Sebastian Aho (12321534),Sebastian Aho,12321534,C/UTIL,7100,WAS@CAR 03/28/2019 07:00PM ET,CAR,4.31
,,,,,,,,,,G,Anton Khudobin (12322592),Anton Khudobin,12322592,G,7100,DAL@EDM 03/28/2019 09:00PM ET,DAL,4.46
,,,,,,,,,,G,Jonathan Quick (12322591),Jonathan Quick,12322591,G,7100,LA@VAN 03/28/2019 10:00PM ET,LA,3.13
,,,,,,,,,,LW,Jonathan Huberdeau (12321768),Jonathan Huberdeau,12321768,W/UTIL,7000,FLA@OTT 03/28/2019 07:30PM ET,FLA,4.15
,,,,,,,,,,C,Jonathan Toews (12321536),Jonathan Toews,12321536,C/UTIL,7000,CHI@SJ 03/28/2019 10:30PM ET,CHI,4.12
,,,,,,,,,,G,Corey Crawford (12322593),Corey Crawford,12322593,G,7000,CHI@SJ 03/28/2019 10:30PM ET,CHI,4.27
,,,,,,,,,,G,Petr Mrazek (12322594),Petr Mrazek,12322594,G,6900,WAS@CAR 03/28/2019 07:00PM ET,CAR,4.36
,,,,,,,,,,C,Bo Horvat (12321538),Bo Horvat,12321538,C/UTIL,6900,LA@VAN 03/28/2019 10:00PM ET,VAN,3.71
,,,,,,,,,,G,Jack Campbell (12322595),Jack Campbell,12322595,G,6900,LA@VAN 03/28/2019 10:00PM ET,LA,4.07
,,,,,,,,,,RW,Alexander Radulov (12321770),Alexander Radulov,12321770,W/UTIL,6800,DAL@EDM 03/28/2019 09:00PM ET,DAL,4.48
,,,,,,,,,,C,Tomas Hertl (12321540),Tomas Hertl,12321540,C/UTIL,6800,CHI@SJ 03/28/2019 10:30PM ET,SJ,3.96
,,,,,,,,,,G,Cam Ward (12322596),Cam Ward,12322596,G,6800,CHI@SJ 03/28/2019 10:30PM ET,CHI,3.84
,,,,,,,,,,G,Curtis McElhinney (12322597),Curtis McElhinney,12322597,G,6700,WAS@CAR 03/28/2019 07:00PM ET,CAR,4.92
,,,,,,,,,,RW,Brock Boeser (12321772),Brock Boeser,12321772,W/UTIL,6700,LA@VAN 03/28/2019 10:00PM ET,VAN,3.72
,,,,,,,,,,C,Elias Pettersson (12321542),Elias Pettersson,12321542,C/UTIL,6600,LA@VAN 03/28/2019 10:00PM ET,VAN,3.76
,,,,,,,,,,LW,Timo Meier (12321774),Timo Meier,12321774,W/UTIL,6600,CHI@SJ 03/28/2019 10:30PM ET,SJ,3.97
,,,,,,,,,,D,Brent Burns (12322208),Brent Burns,12322208,D/UTIL,6600,CHI@SJ 03/28/2019 10:30PM ET,SJ,4.73
,,,,,,,,,,G,Scott Wedgewood (12322604),Scott Wedgewood,12322604,G,6500,DET@BUF 03/28/2019 07:00PM ET,BUF,0
,,,,,,,,,,G,Harri Sateri (12322606),Harri Sateri,12322606,G,6500,DET@BUF 03/28/2019 07:00PM ET,DET,0
,,,,,,,,,,G,Ukko-Pekka Luukkonen (12322621),Ukko-Pekka Luukkonen,12322621,G,6500,DET@BUF 03/28/2019 07:00PM ET,BUF,0
,,,,,,,,,,D,John Carlson (12322210),John Carlson,12322210,D/UTIL,6500,WAS@CAR 03/28/2019 07:00PM ET,WAS,4.1
,,,,,,,,,,G,Ilya Samsonov (12322603),Ilya Samsonov,12322603,G,6500,WAS@CAR 03/28/2019 07:00PM ET,WAS,0
,,,,,,,,,,G,Scott Darling (12322613),Scott Darling,12322613,G,6500,WAS@CAR 03/28/2019 07:00PM ET,CAR,2.52
,,,,,,,,,,G,Alex Nedeljkovic (12322614),Alex Nedeljkovic,12322614,G,6500,WAS@CAR 03/28/2019 07:00PM ET,CAR,5.8
,,,,,,,,,,G,Vitek Vanecek (12322618),Vitek Vanecek,12322618,G,6500,WAS@CAR 03/28/2019 07:00PM ET,WAS,0
,,,,,,,,,,G,Callum Booth (12322619),Callum Booth,12322619,G,6500,WAS@CAR 03/28/2019 07:00PM ET,CAR,0
,,,,,,,,,,G,Charlie Lindgren (12322598),Charlie Lindgren,12322598,G,6500,MON@CLS 03/28/2019 07:00PM ET,MON,0
,,,,,,,,,,G,Keith Kinkaid (12322599),Keith Kinkaid,12322599,G,6500,MON@CLS 03/28/2019 07:00PM ET,CLS,3.26
,,,,,,,,,,G,J-F Berube (12322605),J-F Berube,12322605,G,6500,MON@CLS 03/28/2019 07:00PM ET,CLS,0
,,,,,,,,,,G,Elvis Merzlikins (12322625),Elvis Merzlikins,12322625,G,6500,MON@CLS 03/28/2019 07:00PM ET,CLS,0
,,,,,,,,,,LW,Mike Hoffman (12321776),Mike Hoffman,12321776,W/UTIL,6500,FLA@OTT 03/28/2019 07:30PM ET,FLA,3.95
,,,,,,,,,,G,Mike Condon (12322612),Mike Condon,12322612,G,6500,FLA@OTT 03/28/2019 07:30PM ET,OTT,-0.8
,,,,,,,,,,G,Marcus Hogberg (12322615),Marcus Hogberg,12322615,G,6500,FLA@OTT 03/28/2019 07:30PM ET,OTT,1.85
,,,,,,,,,,G,Filip Gustavsson (12322624),Filip Gustavsson,12322624,G,6500,FLA@OTT 03/28/2019 07:30PM ET,OTT,0
,,,,,,,,,,G,Christopher Gibson (12322607),Christopher Gibson,12322607,G,6500,NYI@WPG 03/28/2019 08:00PM ET,NYI,1.1
,,,,,,,,,,G,Linus Soderstrom (12322609),Linus Soderstrom,12322609,G,6500,NYI@WPG 03/28/2019 08:00PM ET,NYI,0
,,,,,,,,,,G,Mikhail Berdin (12322620),Mikhail Berdin,12322620,G,6500,NYI@WPG 03/28/2019 08:00PM ET,WPG,0
,,,,,,,,,,G,Al Montoya (12322608),Al Montoya,12322608,G,6500,DAL@EDM 03/28/2019 09:00PM ET,EDM,0
,,,,,,,,,,G,Landon Bow (12322622),Landon Bow,12322622,G,6500,DAL@EDM 03/28/2019 09:00PM ET,DAL,1.3
,,,,,,,,,,G,Colton Point (12322623),Colton Point,12322623,G,6500,DAL@EDM 03/28/2019 09:00PM ET,DAL,0
,,,,,,,,,,G,Cal Petersen (12322600),Cal Petersen,12322600,G,6500,LA@VAN 03/28/2019 10:00PM ET,LA,5.06
,,,,,,,,,,G,Marek Mazanec (12322610),Marek Mazanec,12322610,G,6500,LA@VAN 03/28/2019 10:00PM ET,VAN,0
,,,,,,,,,,G,Peter Budaj (12322611),Peter Budaj,12322611,G,6500,LA@VAN 03/28/2019 10:00PM ET,LA,-0.2
,,,,,,,,,,G,Richard Bachman (12322617),Richard Bachman,12322617,G,6500,LA@VAN 03/28/2019 10:00PM ET,VAN,-1.4
,,,,,,,,,,C,Logan Couture (12321544),Logan Couture,12321544,C/UTIL,6500,CHI@SJ 03/28/2019 10:30PM ET,SJ,3.67
,,,,,,,,,,G,Collin Delia (12322601),Collin Delia,12322601,G,6500,CHI@SJ 03/28/2019 10:30PM ET,CHI,4.19
,,,,,,,,,,G,Anton Forsberg (12322602),Anton Forsberg,12322602,G,6500,CHI@SJ 03/28/2019 10:30PM ET,CHI,0
,,,,,,,,,,G,Antoine Bibeau (12322616),Antoine Bibeau,12322616,G,6500,CHI@SJ 03/28/2019 10:30PM ET,SJ,0
,,,,,,,,,,C,Evgeny Kuznetsov (12321546),Evgeny Kuznetsov,12321546,C/UTIL,6400,WAS@CAR 03/28/2019 07:00PM ET,WAS,3.68
,,,,,,,,,,RW,Brendan Gallagher (12321778),Brendan Gallagher,12321778,W/UTIL,6400,MON@CLS 03/28/2019 07:00PM ET,MON,3.82
,,,,,,,,,,D,Shea Weber (12322212),Shea Weber,12322212,D/UTIL,6400,MON@CLS 03/28/2019 07:00PM ET,MON,3.83
,,,,,,,,,,C,Nicklas Backstrom (12321548),Nicklas Backstrom,12321548,C/UTIL,6300,WAS@CAR 03/28/2019 07:00PM ET,WAS,3.36
,,,,,,,,,,LW,Alex DeBrincat (12321782),Alex DeBrincat,12321782,W/UTIL,6300,CHI@SJ 03/28/2019 10:30PM ET,CHI,3.91
,,,,,,,,,,RW,Joe Pavelski (12321784),Joe Pavelski,12321784,W/UTIL,6300,CHI@SJ 03/28/2019 10:30PM ET,SJ,3.94
,,,,,,,,,,RW,Evgenii Dadonov (12321780),Evgenii Dadonov,12321780,W/UTIL,6200,FLA@OTT 03/28/2019 07:30PM ET,FLA,3.44
,,,,,,,,,,RW,Blake Wheeler (12321786),Blake Wheeler,12321786,W/UTIL,6200,NYI@WPG 03/28/2019 08:00PM ET,WPG,4.4
,,,,,,,,,,C,Ryan Nugent-Hopkins (12321550),Ryan Nugent-Hopkins,12321550,C/UTIL,6200,DAL@EDM 03/28/2019 09:00PM ET,EDM,3.67
,,,,,,,,,,D,Erik Karlsson (12322214),Erik Karlsson,12322214,D/UTIL,6200,CHI@SJ 03/28/2019 10:30PM ET,SJ,4.06
,,,,,,,,,,C,Matt Duchene (12321552),Matt Duchene,12321552,C/UTIL,6100,MON@CLS 03/28/2019 07:00PM ET,CLS,3.92
,,,,,,,,,,D,Alexander Edler (12322216),Alexander Edler,12322216,D/UTIL,6100,LA@VAN 03/28/2019 10:00PM ET,VAN,3.95
,,,,,,,,,,LW,Evander Kane (12321788),Evander Kane,12321788,W/UTIL,6100,CHI@SJ 03/28/2019 10:30PM ET,SJ,3.92
,,,,,,,,,,C,Max Domi (12321556),Max Domi,12321556,C/UTIL,6000,MON@CLS 03/28/2019 07:00PM ET,MON,3.55
,,,,,,,,,,D,Thomas Chabot (12322218),Thomas Chabot,12322218,D/UTIL,6000,FLA@OTT 03/28/2019 07:30PM ET,OTT,3.98
,,,,,,,,,,LW,Kyle Connor (12321790),Kyle Connor,12321790,W/UTIL,6000,NYI@WPG 03/28/2019 08:00PM ET,WPG,3.64
,,,,,,,,,,C,Dylan Larkin (12321554),Dylan Larkin,12321554,C/UTIL,5900,DET@BUF 03/28/2019 07:00PM ET,DET,4.36
,,,,,,,,,,LW,Jeff Skinner (12321792),Jeff Skinner,12321792,W/UTIL,5900,DET@BUF 03/28/2019 07:00PM ET,BUF,3.86
,,,,,,,,,,D,Erik Gustafsson (12322220),Erik Gustafsson,12322220,D/UTIL,5900,CHI@SJ 03/28/2019 10:30PM ET,CHI,3.4
,,,,,,,,,,D,Seth Jones (12322222),Seth Jones,12322222,D/UTIL,5800,MON@CLS 03/28/2019 07:00PM ET,CLS,3.54
,,,,,,,,,,C,Mark Scheifele (12321558),Mark Scheifele,12321558,C/UTIL,5800,NYI@WPG 03/28/2019 08:00PM ET,WPG,4.14
,,,,,,,,,,LW,Jamie Benn (12321794),Jamie Benn,12321794,W/UTIL,5800,DAL@EDM 03/28/2019 09:00PM ET,DAL,3.48
,,,,,,,,,,C,Mathew Barzal (12321560),Mathew Barzal,12321560,C/UTIL,5700,NYI@WPG 03/28/2019 08:00PM ET,NYI,3.17
,,,,,,,,,,RW,Mats Zuccarello (12321796),Mats Zuccarello,12321796,W/UTIL,5700,DAL@EDM 03/28/2019 09:00PM ET,DAL,3.48
,,,,,,,,,,D,John Klingberg (12322224),John Klingberg,12322224,D/UTIL,5700,DAL@EDM 03/28/2019 09:00PM ET,DAL,3.4
,,,,,,,,,,LW,Brady Tkachuk (12321798),Brady Tkachuk,12321798,W/UTIL,5600,FLA@OTT 03/28/2019 07:30PM ET,OTT,3.14
,,,,,,,,,,D,Dustin Byfuglien (12322230),Dustin Byfuglien,12322230,D/UTIL,5600,NYI@WPG 03/28/2019 08:00PM ET,WPG,3.77
,,,,,,,,,,C,Andreas Athanasiou (12321562),Andreas Athanasiou,12321562,C/UTIL,5500,DET@BUF 03/28/2019 07:00PM ET,DET,3.43
,,,,,,,,,,LW,Artemi Panarin (12321800),Artemi Panarin,12321800,W/UTIL,5500,MON@CLS 03/28/2019 07:00PM ET,CLS,3.83
,,,,,,,,,,D,Keith Yandle (12322226),Keith Yandle,12322226,D/UTIL,5500,FLA@OTT 03/28/2019 07:30PM ET,FLA,3.36
,,,,,,,,,,D,Jacob Trouba (12322228),Jacob Trouba,12322228,D/UTIL,5500,NYI@WPG 03/28/2019 08:00PM ET,WPG,3.3
,,,,,,,,,,RW,Gustav Nyquist (12321802),Gustav Nyquist,12321802,W/UTIL,5500,CHI@SJ 03/28/2019 10:30PM ET,SJ,3.16
,,,,,,,,,,LW,Nino Niederreiter (12321804),Nino Niederreiter,12321804,W/UTIL,5400,WAS@CAR 03/28/2019 07:00PM ET,CAR,2.78
,,,,,,,,,,RW,T.J. Oshie (12321806),T.J. Oshie,12321806,W/UTIL,5400,WAS@CAR 03/28/2019 07:00PM ET,WAS,3.32
,,,,,,,,,,D,Dougie Hamilton (12322232),Dougie Hamilton,12322232,D/UTIL,5400,WAS@CAR 03/28/2019 07:00PM ET,CAR,3.2
,,,,,,,,,,D,Darnell Nurse (12322234),Darnell Nurse,12322234,D/UTIL,5400,DAL@EDM 03/28/2019 09:00PM ET,EDM,3.19
,,,,,,,,,,C,Dylan Strome (12321566),Dylan Strome,12321566,C/UTIL,5400,CHI@SJ 03/28/2019 10:30PM ET,CHI,2.83
,,,,,,,,,,RW,Sam Reinhart (12321816),Sam Reinhart,12321816,W/UTIL,5300,DET@BUF 03/28/2019 07:00PM ET,BUF,3.28
,,,,,,,,,,RW,Tom Wilson (12321812),Tom Wilson,12321812,W/UTIL,5300,WAS@CAR 03/28/2019 07:00PM ET,WAS,3.22
,,,,,,,,,,C,Brock Nelson (12321564),Brock Nelson,12321564,C/UTIL,5300,NYI@WPG 03/28/2019 08:00PM ET,NYI,3.04
,,,,,,,,,,RW,Patrik Laine (12321814),Patrik Laine,12321814,W/UTIL,5300,NYI@WPG 03/28/2019 08:00PM ET,WPG,3.59
,,,,,,,,,,D,Oscar Klefbom (12322236),Oscar Klefbom,12322236,D/UTIL,5300,DAL@EDM 03/28/2019 09:00PM ET,EDM,3.26
,,,,,,,,,,D,Brent Seabrook (12322238),Brent Seabrook,12322238,D/UTIL,5300,CHI@SJ 03/28/2019 10:30PM ET,CHI,3.04
,,,,,,,,,,D,Mike Green (12322244),Mike Green,12322244,D/UTIL,5200,DET@BUF 03/28/2019 07:00PM ET,DET,3.05
,,,,,,,,,,RW,Teuvo Teravainen (12321818),Teuvo Teravainen,12321818,W/UTIL,5200,WAS@CAR 03/28/2019 07:00PM ET,CAR,3.33
,,,,,,,,,,D,Zach Werenski (12322242),Zach Werenski,12322242,D/UTIL,5200,MON@CLS 03/28/2019 07:00PM ET,CLS,2.83
,,,,,,,,,,C,Vincent Trocheck (12321568),Vincent Trocheck,12321568,C/UTIL,5200,FLA@OTT 03/28/2019 07:30PM ET,FLA,3.2
,,,,,,,,,,LW,Anders Lee (12321808),Anders Lee,12321808,W/UTIL,5200,NYI@WPG 03/28/2019 08:00PM ET,NYI,3.17
,,,,,,,,,,RW,Dustin Brown (12321810),Dustin Brown,12321810,W/UTIL,5200,LA@VAN 03/28/2019 10:00PM ET,LA,3.32
,,,,,,,,,,RW,Justin Williams (12321820),Justin Williams,12321820,W/UTIL,5100,WAS@CAR 03/28/2019 07:00PM ET,CAR,3.19
,,,,,,,,,,LW,Tomas Tatar (12321822),Tomas Tatar,12321822,W/UTIL,5100,MON@CLS 03/28/2019 07:00PM ET,MON,3.29
,,,,,,,,,,RW,Frank Vatrano (12321824),Frank Vatrano,12321824,W/UTIL,5100,FLA@OTT 03/28/2019 07:30PM ET,FLA,3.07
,,,,,,,,,,D,Aaron Ekblad (12322240),Aaron Ekblad,12322240,D/UTIL,5100,FLA@OTT 03/28/2019 07:30PM ET,FLA,2.72
,,,,,,,,,,C,Anze Kopitar (12321570),Anze Kopitar,12321570,C/UTIL,5100,LA@VAN 03/28/2019 10:00PM ET,LA,3.22
,,,,,,,,,,RW,Anthony Mantha (12321826),Anthony Mantha,12321826,W/UTIL,5000,DET@BUF 03/28/2019 07:00PM ET,DET,3.08
,,,,,,,,,,D,Rasmus Ristolainen (12322248),Rasmus Ristolainen,12322248,D/UTIL,5000,DET@BUF 03/28/2019 07:00PM ET,BUF,3.08
,,,,,,,,,,D,Justin Faulk (12322246),Justin Faulk,12322246,D/UTIL,5000,WAS@CAR 03/28/2019 07:00PM ET,CAR,2.96
,,,,,,,,,,RW,Josh Anderson (12321828),Josh Anderson,12321828,W/UTIL,5000,MON@CLS 03/28/2019 07:00PM ET,CLS,3.27
,,,,,,,,,,LW,Ryan Dzingel (12321830),Ryan Dzingel,12321830,W/UTIL,4900,MON@CLS 03/28/2019 07:00PM ET,CLS,3.12
,,,,,,,,,,C,Kevin Hayes (12321572),Kevin Hayes,12321572,C/UTIL,4900,NYI@WPG 03/28/2019 08:00PM ET,WPG,3.2
,,,,,,,,,,C,Pierre-Luc Dubois (12321574),Pierre-Luc Dubois,12321574,C/UTIL,4800,MON@CLS 03/28/2019 07:00PM ET,CLS,3.2
,,,,,,,,,,RW,Andrew Shaw (12321832),Andrew Shaw,12321832,W/UTIL,4800,MON@CLS 03/28/2019 07:00PM ET,MON,3.1
,,,,,,,,,,D,Ryan Pulock (12322252),Ryan Pulock,12322252,D/UTIL,4800,NYI@WPG 03/28/2019 08:00PM ET,NYI,2.94
,,,,,,,,,,D,Jeff Petry (12322258),Jeff Petry,12322258,D/UTIL,4700,MON@CLS 03/28/2019 07:00PM ET,MON,3.04
,,,,,,,,,,LW,Brandon Saad (12321834),Brandon Saad,12321834,W/UTIL,4700,CHI@SJ 03/28/2019 10:30PM ET,CHI,2.92
,,,,,,,,,,D,Marc-Edouard Vlasic (12322250),Marc-Edouard Vlasic,12322250,D/UTIL,4700,CHI@SJ 03/28/2019 10:30PM ET,SJ,2.22
,,,,,,,,,,D,Rasmus Dahlin (12322256),Rasmus Dahlin,12322256,D/UTIL,4600,DET@BUF 03/28/2019 07:00PM ET,BUF,2.67
,,,,,,,,,,LW,Boone Jenner (12321836),Boone Jenner,12321836,W/UTIL,4600,MON@CLS 03/28/2019 07:00PM ET,CLS,2.88
,,,,,,,,,,D,Duncan Keith (12322254),Duncan Keith,12322254,D/UTIL,4600,CHI@SJ 03/28/2019 10:30PM ET,CHI,2.77
,,,,,,,,,,D,Brandon Montour (12322262),Brandon Montour,12322262,D/UTIL,4500,DET@BUF 03/28/2019 07:00PM ET,BUF,2.72
,,,,,,,,,,C,Jordan Staal (12321576),Jordan Staal,12321576,C/UTIL,4500,WAS@CAR 03/28/2019 07:00PM ET,CAR,2.67
,,,,,,,,,,LW,Nikolaj Ehlers (12321838),Nikolaj Ehlers,12321838,W/UTIL,4500,NYI@WPG 03/28/2019 08:00PM ET,WPG,3
,,,,,,,,,,D,Drew Doughty (12322260),Drew Doughty,12322260,D/UTIL,4500,LA@VAN 03/28/2019 10:00PM ET,LA,2.88
,,,,,,,,,,C,Lars Eller (12321578),Lars Eller,12321578,C/UTIL,4400,WAS@CAR 03/28/2019 07:00PM ET,WAS,2.43
,,,,,,,,,,LW,Andrei Svechnikov (12321840),Andrei Svechnikov,12321840,W/UTIL,4400,WAS@CAR 03/28/2019 07:00PM ET,CAR,2.53
,,,,,,,,,,LW,Jonathan Drouin (12321842),Jonathan Drouin,12321842,W/UTIL,4400,MON@CLS 03/28/2019 07:00PM ET,MON,2.94
,,,,,,,,,,C,Chris Tierney (12321580),Chris Tierney,12321580,C/UTIL,4300,FLA@OTT 03/28/2019 07:30PM ET,OTT,2.41
,,,,,,,,,,D,Cody Ceci (12322266),Cody Ceci,12322266,D/UTIL,4300,FLA@OTT 03/28/2019 07:30PM ET,OTT,2.63
,,,,,,,,,,D,Josh Morrissey (12322268),Josh Morrissey,12322268,D/UTIL,4300,NYI@WPG 03/28/2019 08:00PM ET,WPG,2.9
,,,,,,,,,,D,Esa Lindell (12322264),Esa Lindell,12322264,D/UTIL,4300,DAL@EDM 03/28/2019 09:00PM ET,DAL,2.68
,,,,,,,,,,LW,Brendan Perlini (12321844),Brendan Perlini,12321844,W/UTIL,4300,CHI@SJ 03/28/2019 10:30PM ET,CHI,1.88
,,,,,,,,,,C,Evan Rodrigues (12321582),Evan Rodrigues,12321582,C/UTIL,4200,DET@BUF 03/28/2019 07:00PM ET,BUF,2.31
,,,,,,,,,,RW,Alexander Nylander (12321846),Alexander Nylander,12321846,W/UTIL,4200,DET@BUF 03/28/2019 07:00PM ET,BUF,2.06
,,,,,,,,,,D,Zach Bogosian (12322272),Zach Bogosian,12322272,D/UTIL,4200,DET@BUF 03/28/2019 07:00PM ET,BUF,2.25
,,,,,,,,,,RW,Brett Connolly (12321848),Brett Connolly,12321848,W/UTIL,4200,WAS@CAR 03/28/2019 07:00PM ET,WAS,2.42
,,,,,,,,,,LW,Sven Baertschi (12321850),Sven Baertschi,12321850,W/UTIL,4200,LA@VAN 03/28/2019 10:00PM ET,VAN,2.54
,,,,,,,,,,D,Alex Biega (12322270),Alex Biega,12322270,D/UTIL,4200,LA@VAN 03/28/2019 10:00PM ET,VAN,2.49
,,,,,,,,,,D,Jaccob Slavin (12322274),Jaccob Slavin,12322274,D/UTIL,4100,WAS@CAR 03/28/2019 07:00PM ET,CAR,2.53
,,,,,,,,,,D,Matt Niskanen (12322278),Matt Niskanen,12322278,D/UTIL,4100,WAS@CAR 03/28/2019 07:00PM ET,WAS,2.48
,,,,,,,,,,RW,Bobby Ryan (12321856),Bobby Ryan,12321856,W/UTIL,4100,FLA@OTT 03/28/2019 07:30PM ET,OTT,2.66
,,,,,,,,,,D,Mike Matheson (12322280),Mike Matheson,12322280,D/UTIL,4100,FLA@OTT 03/28/2019 07:30PM ET,FLA,2.53
,,,,,,,,,,D,Johnny Boychuk (12322276),Johnny Boychuk,12322276,D/UTIL,4100,NYI@WPG 03/28/2019 08:00PM ET,NYI,2.49
,,,,,,,,,,RW,Alex Chiasson (12321852),Alex Chiasson,12321852,W/UTIL,4100,DAL@EDM 03/28/2019 09:00PM ET,EDM,2.49
,,,,,,,,,,C,Joe Thornton (12321584),Joe Thornton,12321584,C/UTIL,4100,CHI@SJ 03/28/2019 10:30PM ET,SJ,2.35
,,,,,,,,,,RW,Kevin Labanc (12321854),Kevin Labanc,12321854,W/UTIL,4100,CHI@SJ 03/28/2019 10:30PM ET,SJ,2.44
,,,,,,,,,,LW,Micheal Ferland (12321858),Micheal Ferland,12321858,W/UTIL,4000,WAS@CAR 03/28/2019 07:00PM ET,CAR,2.7
,,,,,,,,,,LW,Jakub Vrana (12321860),Jakub Vrana,12321860,W/UTIL,4000,WAS@CAR 03/28/2019 07:00PM ET,WAS,2.62
,,,,,,,,,,D,Brett Pesce (12322284),Brett Pesce,12322284,D/UTIL,4000,WAS@CAR 03/28/2019 07:00PM ET,CAR,2.46
,,,,,,,,,,D,Michal Kempny (12322288),Michal Kempny,12322288,D/UTIL,4000,WAS@CAR 03/28/2019 07:00PM ET,WAS,2.52
,,,,,,,,,,LW,Paul Byron (12321862),Paul Byron,12321862,W/UTIL,4000,MON@CLS 03/28/2019 07:00PM ET,MON,2.62
,,,,,,,,,,D,Miro Heiskanen (12322282),Miro Heiskanen,12322282,D/UTIL,4000,DAL@EDM 03/28/2019 09:00PM ET,DAL,2.54
,,,,,,,,,,D,Alec Martinez (12322286),Alec Martinez,12322286,D/UTIL,4000,LA@VAN 03/28/2019 10:00PM ET,LA,2.49
,,,,,,,,,,C,Artem Anisimov (12321586),Artem Anisimov,12321586,C/UTIL,4000,CHI@SJ 03/28/2019 10:30PM ET,CHI,2.27
,,,,,,,,,,RW,Thomas Vanek (12321864),Thomas Vanek,12321864,W/UTIL,3900,DET@BUF 03/28/2019 07:00PM ET,DET,2.32
,,,,,,,,,,D,Danny DeKeyser (12322290),Danny DeKeyser,12322290,D/UTIL,3900,DET@BUF 03/28/2019 07:00PM ET,DET,2.26
,,,,,,,,,,C,Phillip Danault (12321588),Phillip Danault,12321588,C/UTIL,3900,MON@CLS 03/28/2019 07:00PM ET,MON,2.63
,,,,,,,,,,D,Kris Russell (12322292),Kris Russell,12322292,D/UTIL,3900,DAL@EDM 03/28/2019 09:00PM ET,EDM,2.32
,,,,,,,,,,C,Frans Nielsen (12321592),Frans Nielsen,12321592,C/UTIL,3800,DET@BUF 03/28/2019 07:00PM ET,DET,2.32
,,,,,,,,,,C,Jean-Gabriel Pageau (12321590),Jean-Gabriel Pageau,12321590,C/UTIL,3800,FLA@OTT 03/28/2019 07:30PM ET,OTT,2.29
,,,,,,,,,,C,Colin White (12321594),Colin White,12321594,C/UTIL,3800,FLA@OTT 03/28/2019 07:30PM ET,OTT,2.45
,,,,,,,,,,D,Dylan DeMelo (12322294),Dylan DeMelo,12322294,D/UTIL,3800,FLA@OTT 03/28/2019 07:30PM ET,OTT,2.23
,,,,,,,,,,D,Christian Wolanin (12322296),Christian Wolanin,12322296,D/UTIL,3800,FLA@OTT 03/28/2019 07:30PM ET,OTT,2.26
,,,,,,,,,,RW,Jordan Eberle (12321866),Jordan Eberle,12321866,W/UTIL,3800,NYI@WPG 03/28/2019 08:00PM ET,NYI,2.36
,,,,,,,,,,LW,Josh Bailey (12321868),Josh Bailey,12321868,W/UTIL,3800,NYI@WPG 03/28/2019 08:00PM ET,NYI,2.56
,,,,,,,,,,D,Connor Murphy (12322298),Connor Murphy,12322298,D/UTIL,3800,CHI@SJ 03/28/2019 10:30PM ET,CHI,2.26
,,,,,,,,,,D,David Savard (12322300),David Savard,12322300,D/UTIL,3700,MON@CLS 03/28/2019 07:00PM ET,CLS,2.06
,,,,,,,,,,D,Ryan Murray (12322302),Ryan Murray,12322302,D/UTIL,3700,MON@CLS 03/28/2019 07:00PM ET,CLS,2.52
,,,,,,,,,,RW,Tyler Toffoli (12321870),Tyler Toffoli,12321870,W/UTIL,3700,LA@VAN 03/28/2019 10:00PM ET,LA,2.56
,,,,,,,,,,RW,Ilya Kovalchuk (12321872),Ilya Kovalchuk,12321872,W/UTIL,3700,LA@VAN 03/28/2019 10:00PM ET,LA,2.55
,,,,,,,,,,RW,Joel Armia (12321880),Joel Armia,12321880,W/UTIL,3600,MON@CLS 03/28/2019 07:00PM ET,MON,2.33
,,,,,,,,,,D,Brett Kulak (12322306),Brett Kulak,12322306,D/UTIL,3600,MON@CLS 03/28/2019 07:00PM ET,MON,2.12
,,,,,,,,,,C,Oscar Lindberg (12321598),Oscar Lindberg,12321598,C/UTIL,3600,FLA@OTT 03/28/2019 07:30PM ET,OTT,2.07
,,,,,,,,,,LW,Anthony Duclair (12321876),Anthony Duclair,12321876,W/UTIL,3600,FLA@OTT 03/28/2019 07:30PM ET,OTT,2.1
,,,,,,,,,,D,Tyler Myers (12322304),Tyler Myers,12322304,D/UTIL,3600,NYI@WPG 03/28/2019 08:00PM ET,WPG,2.54
,,,,,,,,,,RW,Sam Gagner (12321878),Sam Gagner,12321878,W/UTIL,3600,DAL@EDM 03/28/2019 09:00PM ET,EDM,2.2
,,,,,,,,,,C,Jeff Carter (12321596),Jeff Carter,12321596,C/UTIL,3600,LA@VAN 03/28/2019 10:00PM ET,LA,2.4
,,,,,,,,,,LW,Alex Iafallo (12321874),Alex Iafallo,12321874,W/UTIL,3600,LA@VAN 03/28/2019 10:00PM ET,LA,2.27
,,,,,,,,,,RW,Jake Virtanen (12321882),Jake Virtanen,12321882,W/UTIL,3600,LA@VAN 03/28/2019 10:00PM ET,VAN,2.35
,,,,,,,,,,D,Ben Hutton (12322308),Ben Hutton,12322308,D/UTIL,3600,LA@VAN 03/28/2019 10:00PM ET,VAN,2.3
,,,,,,,,,,LW,Tyler Bertuzzi (12321884),Tyler Bertuzzi,12321884,W/UTIL,3500,DET@BUF 03/28/2019 07:00PM ET,DET,2.42
,,,,,,,,,,LW,Conor Sheary (12321886),Conor Sheary,12321886,W/UTIL,3500,DET@BUF 03/28/2019 07:00PM ET,BUF,2.2
,,,,,,,,,,RW,Luke Glendening (12321890),Luke Glendening,12321890,W/UTIL,3500,DET@BUF 03/28/2019 07:00PM ET,DET,2.09
,,,,,,,,,,LW,Evgeny Svechnikov (12321896),Evgeny Svechnikov,12321896,W/UTIL,3500,DET@BUF 03/28/2019 07:00PM ET,DET,0
,,,,,,,,,,RW,Nick Foligno (12321894),Nick Foligno,12321894,W/UTIL,3500,MON@CLS 03/28/2019 07:00PM ET,CLS,2.48
,,,,,,,,,,D,MacKenzie Weegar (12322310),MacKenzie Weegar,12322310,D/UTIL,3500,FLA@OTT 03/28/2019 07:30PM ET,FLA,1.95
,,,,,,,,,,D,Scott Mayfield (12322312),Scott Mayfield,12322312,D/UTIL,3500,NYI@WPG 03/28/2019 08:00PM ET,NYI,2.24
,,,,,,,,,,C,Radek Faksa (12321600),Radek Faksa,12321600,C/UTIL,3500,DAL@EDM 03/28/2019 09:00PM ET,DAL,2.11
,,,,,,,,,,D,Stephen Johns (12322314),Stephen Johns,12322314,D/UTIL,3500,DAL@EDM 03/28/2019 09:00PM ET,DAL,0
,,,,,,,,,,LW,Tanner Pearson (12321888),Tanner Pearson,12321888,W/UTIL,3500,LA@VAN 03/28/2019 10:00PM ET,VAN,1.87
,,,,,,,,,,LW,Josh Leivo (12321892),Josh Leivo,12321892,W/UTIL,3500,LA@VAN 03/28/2019 10:00PM ET,VAN,1.97
,,,,,,,,,,RW,Jordan Martinook (12321902),Jordan Martinook,12321902,W/UTIL,3400,WAS@CAR 03/28/2019 07:00PM ET,CAR,2.05
,,,,,,,,,,D,Dmitry Orlov (12322320),Dmitry Orlov,12322320,D/UTIL,3400,WAS@CAR 03/28/2019 07:00PM ET,WAS,2.04
,,,,,,,,,,C,Jesperi Kotkaniemi (12321602),Jesperi Kotkaniemi,12321602,C/UTIL,3400,MON@CLS 03/28/2019 07:00PM ET,MON,2.17
,,,,,,,,,,RW,Oliver Bjorkstrand (12321900),Oliver Bjorkstrand,12321900,W/UTIL,3400,MON@CLS 03/28/2019 07:00PM ET,CLS,2.25
,,,,,,,,,,RW,Max Veronneau (12321898),Max Veronneau,12321898,W/UTIL,3400,FLA@OTT 03/28/2019 07:30PM ET,OTT,2.17
,,,,,,,,,,C,Casey Cizikas (12321604),Casey Cizikas,12321604,C/UTIL,3400,NYI@WPG 03/28/2019 08:00PM ET,NYI,2.4
,,,,,,,,,,D,Nick Leddy (12322316),Nick Leddy,12322316,D/UTIL,3400,NYI@WPG 03/28/2019 08:00PM ET,NYI,1.95
,,,,,,,,,,D,Devon Toews (12322324),Devon Toews,12322324,D/UTIL,3400,NYI@WPG 03/28/2019 08:00PM ET,NYI,2.04
,,,,,,,,,,D,Matt Roy (12322318),Matt Roy,12322318,D/UTIL,3400,LA@VAN 03/28/2019 10:00PM ET,LA,2
,,,,,,,,,,D,Christopher Tanev (12322326),Christopher Tanev,12322326,D/UTIL,3400,LA@VAN 03/28/2019 10:00PM ET,VAN,2.04
,,,,,,,,,,D,Justin Braun (12322322),Justin Braun,12322322,D/UTIL,3400,CHI@SJ 03/28/2019 10:30PM ET,SJ,1.94
,,,,,,,,,,D,Jake McCabe (12322332),Jake McCabe,12322332,D/UTIL,3300,DET@BUF 03/28/2019 07:00PM ET,BUF,2
,,,,,,,,,,LW,Carl Hagelin (12321904),Carl Hagelin,12321904,W/UTIL,3300,WAS@CAR 03/28/2019 07:00PM ET,WAS,1.74
,,,,,,,,,,D,Jordie Benn (12322330),Jordie Benn,12322330,D/UTIL,3300,MON@CLS 03/28/2019 07:00PM ET,MON,2
,,,,,,,,,,C,Roope Hintz (12321606),Roope Hintz,12321606,C/UTIL,3300,DAL@EDM 03/28/2019 09:00PM ET,DAL,1.96
,,,,,,,,,,LW,Antoine Roussel (12321908),Antoine Roussel,12321908,W/UTIL,3300,LA@VAN 03/28/2019 10:00PM ET,VAN,2.12
,,,,,,,,,,D,Troy Stecher (12322328),Troy Stecher,12322328,D/UTIL,3300,LA@VAN 03/28/2019 10:00PM ET,VAN,1.87
,,,,,,,,,,LW,Joonas Donskoi (12321906),Joonas Donskoi,12321906,W/UTIL,3300,CHI@SJ 03/28/2019 10:30PM ET,SJ,2.08
,,,,,,,,,,LW,Artturi Lehkonen (12321912),Artturi Lehkonen,12321912,W/UTIL,3200,MON@CLS 03/28/2019 07:00PM ET,MON,2.09
,,,,,,,,,,D,Ben Chiarot (12322340),Ben Chiarot,12322340,D/UTIL,3200,NYI@WPG 03/28/2019 08:00PM ET,WPG,2.15
,,,,,,,,,,RW,Zack Kassian (12321910),Zack Kassian,12321910,W/UTIL,3200,DAL@EDM 03/28/2019 09:00PM ET,EDM,1.71
,,,,,,,,,,D,Adam Larsson (12322334),Adam Larsson,12322334,D/UTIL,3200,DAL@EDM 03/28/2019 09:00PM ET,EDM,2.06
,,,,,,,,,,D,Sean Walker (12322338),Sean Walker,12322338,D/UTIL,3200,LA@VAN 03/28/2019 10:00PM ET,LA,1.85
,,,,,,,,,,D,Tim Heed (12322336),Tim Heed,12322336,D/UTIL,3200,CHI@SJ 03/28/2019 10:30PM ET,SJ,1.84
,,,,,,,,,,RW,Kyle Okposo (12321924),Kyle Okposo,12321924,W/UTIL,3100,DET@BUF 03/28/2019 07:00PM ET,BUF,1.95
,,,,,,,,,,LW,Rudolfs Balcers (12321918),Rudolfs Balcers,12321918,W/UTIL,3100,FLA@OTT 03/28/2019 07:30PM ET,OTT,2.02
,,,,,,,,,,RW,Colton Sceviour (12321920),Colton Sceviour,12321920,W/UTIL,3100,FLA@OTT 03/28/2019 07:30PM ET,FLA,2.04
,,,,,,,,,,RW,Magnus Paajarvi (12321922),Magnus Paajarvi,12321922,W/UTIL,3100,FLA@OTT 03/28/2019 07:30PM ET,OTT,1.76
,,,,,,,,,,LW,Zack Smith (12321926),Zack Smith,12321926,W/UTIL,3100,FLA@OTT 03/28/2019 07:30PM ET,OTT,1.95
,,,,,,,,,,C,Valtteri Filppula (12321608),Valtteri Filppula,12321608,C/UTIL,3100,NYI@WPG 03/28/2019 08:00PM ET,NYI,1.81
,,,,,,,,,,D,Adam Pelech (12322342),Adam Pelech,12322342,D/UTIL,3100,NYI@WPG 03/28/2019 08:00PM ET,NYI,2
,,,,,,,,,,D,Roman Polak (12322344),Roman Polak,12322344,D/UTIL,3100,DAL@EDM 03/28/2019 09:00PM ET,DAL,1.79
,,,,,,,,,,RW,Loui Eriksson (12321914),Loui Eriksson,12321914,W/UTIL,3100,LA@VAN 03/28/2019 10:00PM ET,VAN,1.7
,,,,,,,,,,RW,Tyler Motte (12321928),Tyler Motte,12321928,W/UTIL,3100,LA@VAN 03/28/2019 10:00PM ET,VAN,1.7
,,,,,,,,,,RW,Dylan Sikura (12321916),Dylan Sikura,12321916,W/UTIL,3100,CHI@SJ 03/28/2019 10:30PM ET,CHI,1.52
,,,,,,,,,,RW,Jason Pominville (12321932),Jason Pominville,12321932,W/UTIL,3000,DET@BUF 03/28/2019 07:00PM ET,BUF,2.07
,,,,,,,,,,D,Filip Hronek (12322346),Filip Hronek,12322346,D/UTIL,3000,DET@BUF 03/28/2019 07:00PM ET,DET,2.02
,,,,,,,,,,D,William Borgen (12322348),William Borgen,12322348,D/UTIL,3000,DET@BUF 03/28/2019 07:00PM ET,BUF,0
,,,,,,,,,,C,Lucas Wallmark (12321610),Lucas Wallmark,12321610,C/UTIL,3000,WAS@CAR 03/28/2019 07:00PM ET,CAR,1.93
,,,,,,,,,,D,Nick Jensen (12322354),Nick Jensen,12322354,D/UTIL,3000,WAS@CAR 03/28/2019 07:00PM ET,WAS,1.79
,,,,,,,,,,C,Denis Malgin (12321612),Denis Malgin,12321612,C/UTIL,3000,FLA@OTT 03/28/2019 07:30PM ET,FLA,1.67
,,,,,,,,,,LW,Jamie McGinn (12321934),Jamie McGinn,12321934,W/UTIL,3000,FLA@OTT 03/28/2019 07:30PM ET,FLA,1.67
,,,,,,,,,,C,Jason Spezza (12321614),Jason Spezza,12321614,C/UTIL,3000,DAL@EDM 03/28/2019 09:00PM ET,DAL,1.81
,,,,,,,,,,C,Martin Hanzal (12321616),Martin Hanzal,12321616,C/UTIL,3000,DAL@EDM 03/28/2019 09:00PM ET,DAL,2
,,,,,,,,,,D,Ben Lovejoy (12322350),Ben Lovejoy,12322350,D/UTIL,3000,DAL@EDM 03/28/2019 09:00PM ET,DAL,1.75
,,,,,,,,,,LW,Nikolay Goldobin (12321936),Nikolay Goldobin,12321936,W/UTIL,3000,LA@VAN 03/28/2019 10:00PM ET,VAN,1.98
,,,,,,,,,,RW,Dominik Kahun (12321930),Dominik Kahun,12321930,W/UTIL,3000,CHI@SJ 03/28/2019 10:30PM ET,CHI,2.05
,,,,,,,,,,LW,Drake Caggiula (12321938),Drake Caggiula,12321938,W/UTIL,3000,CHI@SJ 03/28/2019 10:30PM ET,CHI,2.1
,,,,,,,,,,D,Slater Koekkoek (12322352),Slater Koekkoek,12322352,D/UTIL,3000,CHI@SJ 03/28/2019 10:30PM ET,CHI,1.79
,,,,,,,,,,C,Casey Mittelstadt (12321618),Casey Mittelstadt,12321618,C/UTIL,2900,DET@BUF 03/28/2019 07:00PM ET,BUF,1.69
,,,,,,,,,,C,Michael Rasmussen (12321620),Michael Rasmussen,12321620,C/UTIL,2900,DET@BUF 03/28/2019 07:00PM ET,DET,1.53
,,,,,,,,,,RW,Darren Helm (12321942),Darren Helm,12321942,W/UTIL,2900,DET@BUF 03/28/2019 07:00PM ET,DET,1.89
,,,,,,,,,,D,Niklas Kronwall (12322356),Niklas Kronwall,12322356,D/UTIL,2900,DET@BUF 03/28/2019 07:00PM ET,DET,1.75
,,,,,,,,,,D,Marco Scandella (12322362),Marco Scandella,12322362,D/UTIL,2900,DET@BUF 03/28/2019 07:00PM ET,BUF,1.76
,,,,,,,,,,D,Mike Reilly (12322364),Mike Reilly,12322364,D/UTIL,2900,MON@CLS 03/28/2019 07:00PM ET,MON,1.79
,,,,,,,,,,RW,Mikkel Boedker (12321940),Mikkel Boedker,12321940,W/UTIL,2900,FLA@OTT 03/28/2019 07:30PM ET,OTT,1.86
,,,,,,,,,,LW,Marian Gaborik (12321948),Marian Gaborik,12321948,W/UTIL,2900,FLA@OTT 03/28/2019 07:30PM ET,OTT,0
,,,,,,,,,,LW,Bryan Little (12321944),Bryan Little,12321944,W/UTIL,2900,NYI@WPG 03/28/2019 08:00PM ET,WPG,2.27
,,,,,,,,,,D,Matt Benning (12322358),Matt Benning,12322358,D/UTIL,2900,DAL@EDM 03/28/2019 09:00PM ET,EDM,1.62
,,,,,,,,,,D,Taylor Fedun (12322360),Taylor Fedun,12322360,D/UTIL,2900,DAL@EDM 03/28/2019 09:00PM ET,DAL,1.84
,,,,,,,,,,LW,Brendan Leipsic (12321946),Brendan Leipsic,12321946,W/UTIL,2900,LA@VAN 03/28/2019 10:00PM ET,LA,1.82
,,,,,,,,,,LW,Scott Wilson (12321960),Scott Wilson,12321960,W/UTIL,2800,DET@BUF 03/28/2019 07:00PM ET,BUF,1.3
,,,,,,,,,,D,Adam McQuaid (12322366),Adam McQuaid,12322366,D/UTIL,2800,MON@CLS 03/28/2019 07:00PM ET,CLS,1.54
,,,,,,,,,,D,Mark Borowiecki (12322368),Mark Borowiecki,12322368,D/UTIL,2800,FLA@OTT 03/28/2019 07:30PM ET,OTT,1.63
,,,,,,,,,,C,Tom Kuhnhackl (12321622),Tom Kuhnhackl,12321622,C/UTIL,2800,NYI@WPG 03/28/2019 08:00PM ET,NYI,1.74
,,,,,,,,,,LW,Anthony Beauvillier (12321954),Anthony Beauvillier,12321954,W/UTIL,2800,NYI@WPG 03/28/2019 08:00PM ET,NYI,2.04
,,,,,,,,,,RW,Jason Dickinson (12321950),Jason Dickinson,12321950,W/UTIL,2800,DAL@EDM 03/28/2019 09:00PM ET,DAL,1.75
,,,,,,,,,,C,Brandon Sutter (12321624),Brandon Sutter,12321624,C/UTIL,2800,LA@VAN 03/28/2019 10:00PM ET,VAN,1.73
,,,,,,,,,,RW,Trevor Lewis (12321952),Trevor Lewis,12321952,W/UTIL,2800,LA@VAN 03/28/2019 10:00PM ET,LA,1.76
,,,,,,,,,,RW,Markus Granlund (12321956),Markus Granlund,12321956,W/UTIL,2800,LA@VAN 03/28/2019 10:00PM ET,VAN,1.69
,,,,,,,,,,LW,Marcus Sorensen (12321958),Marcus Sorensen,12321958,W/UTIL,2800,CHI@SJ 03/28/2019 10:30PM ET,SJ,1.79
,,,,,,,,,,D,Madison Bowey (12322372),Madison Bowey,12322372,D/UTIL,2700,DET@BUF 03/28/2019 07:00PM ET,DET,1.61
,,,,,,,,,,D,Calvin de Haan (12322378),Calvin de Haan,12322378,D/UTIL,2700,WAS@CAR 03/28/2019 07:00PM ET,CAR,1.84
,,,,,,,,,,C,Alexander Wennberg (12321626),Alexander Wennberg,12321626,C/UTIL,2700,MON@CLS 03/28/2019 07:00PM ET,CLS,1.42
,,,,,,,,,,RW,Jordan Weal (12321970),Jordan Weal,12321970,W/UTIL,2700,MON@CLS 03/28/2019 07:00PM ET,MON,1.47
,,,,,,,,,,D,Markus Nutivaara (12322376),Markus Nutivaara,12322376,D/UTIL,2700,MON@CLS 03/28/2019 07:00PM ET,CLS,1.55
,,,,,,,,,,C,Henrik Borgstrom (12321628),Henrik Borgstrom,12321628,C/UTIL,2700,FLA@OTT 03/28/2019 07:30PM ET,FLA,1.64
,,,,,,,,,,LW,Dryden Hunt (12321968),Dryden Hunt,12321968,W/UTIL,2700,FLA@OTT 03/28/2019 07:30PM ET,FLA,1.52
,,,,,,,,,,D,Christian Jaros (12322380),Christian Jaros,12322380,D/UTIL,2700,FLA@OTT 03/28/2019 07:30PM ET,OTT,1.6
,,,,,,,,,,RW,Brandon Tanev (12321964),Brandon Tanev,12321964,W/UTIL,2700,NYI@WPG 03/28/2019 08:00PM ET,WPG,2.16
,,,,,,,,,,LW,Mathieu Perreault (12321972),Mathieu Perreault,12321972,W/UTIL,2700,NYI@WPG 03/28/2019 08:00PM ET,WPG,1.65
,,,,,,,,,,RW,Blake Comeau (12321966),Blake Comeau,12321966,W/UTIL,2700,DAL@EDM 03/28/2019 09:00PM ET,DAL,1.46
,,,,,,,,,,LW,Carl Grundstrom (12321962),Carl Grundstrom,12321962,W/UTIL,2700,LA@VAN 03/28/2019 10:00PM ET,LA,2.17
,,,,,,,,,,D,Derek Forbort (12322370),Derek Forbort,12322370,D/UTIL,2700,LA@VAN 03/28/2019 10:00PM ET,LA,1.65
,,,,,,,,,,D,Gustav Forsling (12322374),Gustav Forsling,12322374,D/UTIL,2700,CHI@SJ 03/28/2019 10:30PM ET,CHI,1.7
,,,,,,,,,,LW,Taro Hirose (12321974),Taro Hirose,12321974,W/UTIL,2600,DET@BUF 03/28/2019 07:00PM ET,DET,2.75
,,,,,,,,,,LW,Matt Puempel (12321980),Matt Puempel,12321980,W/UTIL,2600,DET@BUF 03/28/2019 07:00PM ET,DET,1.5
,,,,,,,,,,LW,Justin Abdelkader (12321986),Justin Abdelkader,12321986,W/UTIL,2600,DET@BUF 03/28/2019 07:00PM ET,DET,1.54
,,,,,,,,,,D,Trevor van Riemsdyk (12322384),Trevor van Riemsdyk,12322384,D/UTIL,2600,WAS@CAR 03/28/2019 07:00PM ET,CAR,1.64
,,,,,,,,,,D,Christian Folin (12322382),Christian Folin,12322382,D/UTIL,2600,MON@CLS 03/28/2019 07:00PM ET,MON,1.7
,,,,,,,,,,RW,Jayce Hawryluk (12321978),Jayce Hawryluk,12321978,W/UTIL,2600,FLA@OTT 03/28/2019 07:30PM ET,FLA,1.57
,,,,,,,,,,LW,Brian Gibbons (12321984),Brian Gibbons,12321984,W/UTIL,2600,FLA@OTT 03/28/2019 07:30PM ET,OTT,1.24
,,,,,,,,,,C,Andrew Copp (12321630),Andrew Copp,12321630,C/UTIL,2600,NYI@WPG 03/28/2019 08:00PM ET,WPG,1.83
,,,,,,,,,,LW,Mattias Janmark (12321976),Mattias Janmark,12321976,W/UTIL,2600,DAL@EDM 03/28/2019 09:00PM ET,DAL,1.65
,,,,,,,,,,RW,Josh Currie (12321982),Josh Currie,12321982,W/UTIL,2600,DAL@EDM 03/28/2019 09:00PM ET,EDM,1.65
,,,,,,,,,,C,David Kampf (12321632),David Kampf,12321632,C/UTIL,2600,CHI@SJ 03/28/2019 10:30PM ET,CHI,1.52
,,,,,,,,,,C,Johan Larsson (12321650),Johan Larsson,12321650,C/UTIL,2500,DET@BUF 03/28/2019 07:00PM ET,BUF,1.32
,,,,,,,,,,C,Christoffer Ehn (12321658),Christoffer Ehn,12321658,C/UTIL,2500,DET@BUF 03/28/2019 07:00PM ET,DET,1.06
,,,,,,,,,,C,Vladimir Sobotka (12321670),Vladimir Sobotka,12321670,C/UTIL,2500,DET@BUF 03/28/2019 07:00PM ET,BUF,1.21
,,,,,,,,,,C,Jacob de la Rose (12321680),Jacob de la Rose,12321680,C/UTIL,2500,DET@BUF 03/28/2019 07:00PM ET,DET,1.05
,,,,,,,,,,C,Wade Megan (12321682),Wade Megan,12321682,C/UTIL,2500,DET@BUF 03/28/2019 07:00PM ET,DET,1.09
,,,,,,,,,,C,Kevin Porter (12321702),Kevin Porter,12321702,C/UTIL,2500,DET@BUF 03/28/2019 07:00PM ET,BUF,0
,,,,,,,,,,C,Danny O'Regan (12321704),Danny O'Regan,12321704,C/UTIL,2500,DET@BUF 03/28/2019 07:00PM ET,BUF,1
,,,,,,,,,,C,Dominic Turgeon (12321752),Dominic Turgeon,12321752,C/UTIL,2500,DET@BUF 03/28/2019 07:00PM ET,DET,0
,,,,,,,,,,LW,Tage Thompson (12322000),Tage Thompson,12322000,W/UTIL,2500,DET@BUF 03/28/2019 07:00PM ET,BUF,1.38
,,,,,,,,,,LW,Zemgus Girgensons (12322024),Zemgus Girgensons,12322024,W/UTIL,2500,DET@BUF 03/28/2019 07:00PM ET,BUF,1.28
,,,,,,,,,,LW,Ryan Kuffner (12322038),Ryan Kuffner,12322038,W/UTIL,2500,DET@BUF 03/28/2019 07:00PM ET,DET,0.62
,,,,,,,,,,RW,Luke Witkowski (12322044),Luke Witkowski,12322044,W/UTIL,2500,DET@BUF 03/28/2019 07:00PM ET,DET,0.77
,,,,,,,,,,LW,David Pope (12322086),David Pope,12322086,W/UTIL,2500,DET@BUF 03/28/2019 07:00PM ET,DET,0
,,,,,,,,,,LW,Chris Terry (12322088),Chris Terry,12322088,W/UTIL,2500,DET@BUF 03/28/2019 07:00PM ET,DET,0
,,,,,,,,,,RW,Givani Smith (12322090),Givani Smith,12322090,W/UTIL,2500,DET@BUF 03/28/2019 07:00PM ET,DET,0
,,,,,,,,,,LW,Patrik Berglund (12322120),Patrik Berglund,12322120,W/UTIL,2500,DET@BUF 03/28/2019 07:00PM ET,BUF,1.33
,,,,,,,,,,LW,Remi Elie (12322144),Remi Elie,12322144,W/UTIL,2500,DET@BUF 03/28/2019 07:00PM ET,BUF,0.5
,,,,,,,,,,LW,Matt Moulson (12322152),Matt Moulson,12322152,W/UTIL,2500,DET@BUF 03/28/2019 07:00PM ET,BUF,0
,,,,,,,,,,LW,Martin Frk (12322158),Martin Frk,12322158,W/UTIL,2500,DET@BUF 03/28/2019 07:00PM ET,DET,0.94
,,,,,,,,,,LW,Taylor Leier (12322172),Taylor Leier,12322172,W/UTIL,2500,DET@BUF 03/28/2019 07:00PM ET,BUF,0
,,,,,,,,,,LW,C.J. Smith (12322186),C.J. Smith,12322186,W/UTIL,2500,DET@BUF 03/28/2019 07:00PM ET,BUF,1.41
,,,,,,,,,,LW,Filip Zadina (12322204),Filip Zadina,12322204,W/UTIL,2500,DET@BUF 03/28/2019 07:00PM ET,DET,1.94
,,,,,,,,,,D,Lawrence Pilut (12322386),Lawrence Pilut,12322386,D/UTIL,2500,DET@BUF 03/28/2019 07:00PM ET,BUF,1.54
,,,,,,,,,,D,Casey Nelson (12322398),Casey Nelson,12322398,D/UTIL,2500,DET@BUF 03/28/2019 07:00PM ET,BUF,1.31
,,,,,,,,,,D,Dylan McIlrath (12322416),Dylan McIlrath,12322416,D/UTIL,2500,DET@BUF 03/28/2019 07:00PM ET,DET,2
,,,,,,,,,,D,Jonathan Ericsson (12322418),Jonathan Ericsson,12322418,D/UTIL,2500,DET@BUF 03/28/2019 07:00PM ET,DET,1.28
,,,,,,,,,,D,Trevor Daley (12322462),Trevor Daley,12322462,D/UTIL,2500,DET@BUF 03/28/2019 07:00PM ET,DET,1.57
,,,,,,,,,,D,Matt Hunwick (12322466),Matt Hunwick,12322466,D/UTIL,2500,DET@BUF 03/28/2019 07:00PM ET,BUF,0.96
,,,,,,,,,,D,Brandon Hickey (12322496),Brandon Hickey,12322496,D/UTIL,2500,DET@BUF 03/28/2019 07:00PM ET,BUF,0
,,,,,,,,,,D,Brian Lashoff (12322502),Brian Lashoff,12322502,D/UTIL,2500,DET@BUF 03/28/2019 07:00PM ET,DET,1.25
,,,,,,,,,,D,Libor Sulak (12322506),Libor Sulak,12322506,D/UTIL,2500,DET@BUF 03/28/2019 07:00PM ET,DET,1
,,,,,,,,,,D,Joe Hicketts (12322540),Joe Hicketts,12322540,D/UTIL,2500,DET@BUF 03/28/2019 07:00PM ET,DET,1.38
,,,,,,,,,,D,Matt Tennyson (12322544),Matt Tennyson,12322544,D/UTIL,2500,DET@BUF 03/28/2019 07:00PM ET,BUF,0.75
,,,,,,,,,,C,Greg McKegg (12321664),Greg McKegg,12321664,C/UTIL,2500,WAS@CAR 03/28/2019 07:00PM ET,CAR,1.36
,,,,,,,,,,C,Nic Dowd (12321666),Nic Dowd,12321666,C/UTIL,2500,WAS@CAR 03/28/2019 07:00PM ET,WAS,1.42
,,,,,,,,,,C,Patrick Brown (12321690),Patrick Brown,12321690,C/UTIL,2500,WAS@CAR 03/28/2019 07:00PM ET,CAR,0
,,,,,,,,,,C,Nicolas Roy (12321712),Nicolas Roy,12321712,C/UTIL,2500,WAS@CAR 03/28/2019 07:00PM ET,CAR,0.17
,,,,,,,,,,C,Clark Bishop (12321714),Clark Bishop,12321714,C/UTIL,2500,WAS@CAR 03/28/2019 07:00PM ET,CAR,0.88
,,,,,,,,,,C,Liam O'Brien (12321716),Liam O'Brien,12321716,C/UTIL,2500,WAS@CAR 03/28/2019 07:00PM ET,WAS,0
,,,,,,,,,,C,Jayson Megna (12321734),Jayson Megna,12321734,C/UTIL,2500,WAS@CAR 03/28/2019 07:00PM ET,WAS,0
,,,,,,,,,,C,Shane Gersich (12321746),Shane Gersich,12321746,C/UTIL,2500,WAS@CAR 03/28/2019 07:00PM ET,WAS,0
,,,,,,,,,,C,Martin Necas (12321754),Martin Necas,12321754,C/UTIL,2500,WAS@CAR 03/28/2019 07:00PM ET,CAR,1.29
,,,,,,,,,,LW,Andre Burakovsky (12322004),Andre Burakovsky,12322004,W/UTIL,2500,WAS@CAR 03/28/2019 07:00PM ET,WAS,1.71
,,,,,,,,,,RW,Travis Boyd (12322008),Travis Boyd,12322008,W/UTIL,2500,WAS@CAR 03/28/2019 07:00PM ET,WAS,1.47
,,,,,,,,,,LW,Brock McGinn (12322010),Brock McGinn,12322010,W/UTIL,2500,WAS@CAR 03/28/2019 07:00PM ET,CAR,1.69
,,,,,,,,,,RW,Saku Maenalanen (12322036),Saku Maenalanen,12322036,W/UTIL,2500,WAS@CAR 03/28/2019 07:00PM ET,CAR,1.3
,,,,,,,,,,LW,Dmitrij Jaskin (12322060),Dmitrij Jaskin,12322060,W/UTIL,2500,WAS@CAR 03/28/2019 07:00PM ET,WAS,1.35
,,,,,,,,,,RW,Warren Foegele (12322076),Warren Foegele,12322076,W/UTIL,2500,WAS@CAR 03/28/2019 07:00PM ET,CAR,1.26
,,,,,,,,,,RW,Chandler Stephenson (12322078),Chandler Stephenson,12322078,W/UTIL,2500,WAS@CAR 03/28/2019 07:00PM ET,WAS,0.96
,,,,,,,,,,RW,Juuso Ikonen (12322114),Juuso Ikonen,12322114,W/UTIL,2500,WAS@CAR 03/28/2019 07:00PM ET,WAS,0
,,,,,,,,,,RW,Riley Barber (12322116),Riley Barber,12322116,W/UTIL,2500,WAS@CAR 03/28/2019 07:00PM ET,WAS,0
,,,,,,,,,,RW,Janne Kuokkanen (12322118),Janne Kuokkanen,12322118,W/UTIL,2500,WAS@CAR 03/28/2019 07:00PM ET,CAR,0.64
,,,,,,,,,,RW,Julien Gauthier (12322128),Julien Gauthier,12322128,W/UTIL,2500,WAS@CAR 03/28/2019 07:00PM ET,CAR,0
,,,,,,,,,,RW,Devante Smith-Pelly (12322154),Devante Smith-Pelly,12322154,W/UTIL,2500,WAS@CAR 03/28/2019 07:00PM ET,WAS,1.26
,,,,,,,,,,LW,Nathan Walker (12322182),Nathan Walker,12322182,W/UTIL,2500,WAS@CAR 03/28/2019 07:00PM ET,WAS,1
,,,,,,,,,,RW,Sergei Shumakov (12322192),Sergei Shumakov,12322192,W/UTIL,2500,WAS@CAR 03/28/2019 07:00PM ET,WAS,0
,,,,,,,,,,D,Christian Djoos (12322394),Christian Djoos,12322394,D/UTIL,2500,WAS@CAR 03/28/2019 07:00PM ET,WAS,1.1
,,,,,,,,,,D,Brooks Orpik (12322408),Brooks Orpik,12322408,D/UTIL,2500,WAS@CAR 03/28/2019 07:00PM ET,WAS,1.52
,,,,,,,,,,D,Jonas Siegenthaler (12322444),Jonas Siegenthaler,12322444,D/UTIL,2500,WAS@CAR 03/28/2019 07:00PM ET,WAS,1.42
,,,,,,,,,,D,Aaron Ness (12322486),Aaron Ness,12322486,D/UTIL,2500,WAS@CAR 03/28/2019 07:00PM ET,WAS,0
,,,,,,,,,,D,Haydn Fleury (12322504),Haydn Fleury,12322504,D/UTIL,2500,WAS@CAR 03/28/2019 07:00PM ET,CAR,1
,,,,,,,,,,D,Dan Renouf (12322510),Dan Renouf,12322510,D/UTIL,2500,WAS@CAR 03/28/2019 07:00PM ET,CAR,0
,,,,,,,,,,D,Michal Cajkovsky (12322512),Michal Cajkovsky,12322512,D/UTIL,2500,WAS@CAR 03/28/2019 07:00PM ET,CAR,0
,,,,,,,,,,D,Roland McKeown (12322516),Roland McKeown,12322516,D/UTIL,2500,WAS@CAR 03/28/2019 07:00PM ET,CAR,0
,,,,,,,,,,D,Michael Fora (12322518),Michael Fora,12322518,D/UTIL,2500,WAS@CAR 03/28/2019 07:00PM ET,CAR,0
,,,,,,,,,,D,Trevor Carrick (12322520),Trevor Carrick,12322520,D/UTIL,2500,WAS@CAR 03/28/2019 07:00PM ET,CAR,0.5
,,,,,,,,,,D,Lucas Johansen (12322522),Lucas Johansen,12322522,D/UTIL,2500,WAS@CAR 03/28/2019 07:00PM ET,WAS,0
,,,,,,,,,,D,Tyler Lewington (12322534),Tyler Lewington,12322534,D/UTIL,2500,WAS@CAR 03/28/2019 07:00PM ET,WAS,3.5
,,,,,,,,,,C,Nate Thompson (12321652),Nate Thompson,12321652,C/UTIL,2500,MON@CLS 03/28/2019 07:00PM ET,MON,1.12
,,,,,,,,,,C,Riley Nash (12321662),Riley Nash,12321662,C/UTIL,2500,MON@CLS 03/28/2019 07:00PM ET,CLS,1.04
,,,,,,,,,,C,Matthew Peca (12321668),Matthew Peca,12321668,C/UTIL,2500,MON@CLS 03/28/2019 07:00PM ET,MON,1.36
,,,,,,,,,,C,Lukas Sedlak (12321674),Lukas Sedlak,12321674,C/UTIL,2500,MON@CLS 03/28/2019 07:00PM ET,CLS,1.01
,,,,,,,,,,C,Kevin Stenlund (12321684),Kevin Stenlund,12321684,C/UTIL,2500,MON@CLS 03/28/2019 07:00PM ET,CLS,0.5
,,,,,,,,,,C,Nick Suzuki (12321736),Nick Suzuki,12321736,C/UTIL,2500,MON@CLS 03/28/2019 07:00PM ET,MON,0
,,,,,,,,,,C,Michael McCarron (12321744),Michael McCarron,12321744,C/UTIL,2500,MON@CLS 03/28/2019 07:00PM ET,MON,0
,,,,,,,,,,C,Zac Dalpe (12321750),Zac Dalpe,12321750,C/UTIL,2500,MON@CLS 03/28/2019 07:00PM ET,CLS,2.5
,,,,,,,,,,LW,Brandon Dubinsky (12322030),Brandon Dubinsky,12322030,W/UTIL,2500,MON@CLS 03/28/2019 07:00PM ET,CLS,1.26
,,,,,,,,,,LW,Eric Robinson (12322062),Eric Robinson,12322062,W/UTIL,2500,MON@CLS 03/28/2019 07:00PM ET,CLS,0.73
,,,,,,,,,,LW,Nicolas Deslauriers (12322064),Nicolas Deslauriers,12322064,W/UTIL,2500,MON@CLS 03/28/2019 07:00PM ET,MON,0.9
,,,,,,,,,,RW,Dale Weise (12322070),Dale Weise,12322070,W/UTIL,2500,MON@CLS 03/28/2019 07:00PM ET,MON,1.32
,,,,,,,,,,RW,Markus Hannikainen (12322072),Markus Hannikainen,12322072,W/UTIL,2500,MON@CLS 03/28/2019 07:00PM ET,CLS,1.09
,,,,,,,,,,RW,Charles Hudon (12322082),Charles Hudon,12322082,W/UTIL,2500,MON@CLS 03/28/2019 07:00PM ET,MON,1.33
,,,,,,,,,,LW,Paul Bittner (12322110),Paul Bittner,12322110,W/UTIL,2500,MON@CLS 03/28/2019 07:00PM ET,CLS,0
,,,,,,,,,,RW,Kole Sherwood (12322122),Kole Sherwood,12322122,W/UTIL,2500,MON@CLS 03/28/2019 07:00PM ET,CLS,0.75
,,,,,,,,,,LW,Sonny Milano (12322176),Sonny Milano,12322176,W/UTIL,2500,MON@CLS 03/28/2019 07:00PM ET,CLS,0.69
,,,,,,,,,,LW,Nathan Gerbe (12322190),Nathan Gerbe,12322190,W/UTIL,2500,MON@CLS 03/28/2019 07:00PM ET,CLS,0
,,,,,,,,,,D,Victor Mete (12322390),Victor Mete,12322390,D/UTIL,2500,MON@CLS 03/28/2019 07:00PM ET,MON,1.49
,,,,,,,,,,D,Dean Kukan (12322424),Dean Kukan,12322424,D/UTIL,2500,MON@CLS 03/28/2019 07:00PM ET,CLS,1
,,,,,,,,,,D,Scott Harrington (12322446),Scott Harrington,12322446,D/UTIL,2500,MON@CLS 03/28/2019 07:00PM ET,CLS,1.42
,,,,,,,,,,D,Gustav Olofsson (12322478),Gustav Olofsson,12322478,D/UTIL,2500,MON@CLS 03/28/2019 07:00PM ET,MON,0
,,,,,,,,,,D,Gabriel Carlsson (12322480),Gabriel Carlsson,12322480,D/UTIL,2500,MON@CLS 03/28/2019 07:00PM ET,CLS,0.5
,,,,,,,,,,D,Tommy Cross (12322482),Tommy Cross,12322482,D/UTIL,2500,MON@CLS 03/28/2019 07:00PM ET,CLS,0
,,,,,,,,,,D,Karl Alzner (12322490),Karl Alzner,12322490,D/UTIL,2500,MON@CLS 03/28/2019 07:00PM ET,MON,1.22
,,,,,,,,,,D,Adam Clendening (12322546),Adam Clendening,12322546,D/UTIL,2500,MON@CLS 03/28/2019 07:00PM ET,CLS,0.75
,,,,,,,,,,D,Noah Juulsen (12322556),Noah Juulsen,12322556,D/UTIL,2500,MON@CLS 03/28/2019 07:00PM ET,MON,1.98
,,,,,,,,,,D,Xavier Ouellet (12322558),Xavier Ouellet,12322558,D/UTIL,2500,MON@CLS 03/28/2019 07:00PM ET,MON,1.95
,,,,,,,,,,C,Riley Sheahan (12321636),Riley Sheahan,12321636,C/UTIL,2500,FLA@OTT 03/28/2019 07:30PM ET,FLA,1.49
,,,,,,,,,,C,Derek MacKenzie (12321678),Derek MacKenzie,12321678,C/UTIL,2500,FLA@OTT 03/28/2019 07:30PM ET,FLA,0
,,,,,,,,,,C,Logan Brown (12321694),Logan Brown,12321694,C/UTIL,2500,FLA@OTT 03/28/2019 07:30PM ET,OTT,0.75
,,,,,,,,,,C,Juho Lammikko (12321696),Juho Lammikko,12321696,C/UTIL,2500,FLA@OTT 03/28/2019 07:30PM ET,FLA,1.08
,,,,,,,,,,C,Jim O'Brien (12321700),Jim O'Brien,12321700,C/UTIL,2500,FLA@OTT 03/28/2019 07:30PM ET,OTT,0
,,,,,,,,,,C,Vincent Praplan (12321724),Vincent Praplan,12321724,C/UTIL,2500,FLA@OTT 03/28/2019 07:30PM ET,FLA,0
,,,,,,,,,,C,Maxim Mamin (12321728),Maxim Mamin,12321728,C/UTIL,2500,FLA@OTT 03/28/2019 07:30PM ET,FLA,0.64
,,,,,,,,,,C,Jean-Sebastien Dea (12321732),Jean-Sebastien Dea,12321732,C/UTIL,2500,FLA@OTT 03/28/2019 07:30PM ET,FLA,1.59
,,,,,,,,,,C,Filip Chlapik (12321748),Filip Chlapik,12321748,C/UTIL,2500,FLA@OTT 03/28/2019 07:30PM ET,OTT,1.9
,,,,,,,,,,LW,Troy Brouwer (12322016),Troy Brouwer,12322016,W/UTIL,2500,FLA@OTT 03/28/2019 07:30PM ET,FLA,1.48
,,,,,,,,,,RW,Paul Thompson (12322084),Paul Thompson,12322084,W/UTIL,2500,FLA@OTT 03/28/2019 07:30PM ET,FLA,0
,,,,,,,,,,LW,Nick Paul (12322094),Nick Paul,12322094,W/UTIL,2500,FLA@OTT 03/28/2019 07:30PM ET,OTT,1.1
,,,,,,,,,,RW,Jonathan Davidsson (12322106),Jonathan Davidsson,12322106,W/UTIL,2500,FLA@OTT 03/28/2019 07:30PM ET,OTT,0
,,,,,,,,,,RW,Vitaly Abramov (12322112),Vitaly Abramov,12322112,W/UTIL,2500,FLA@OTT 03/28/2019 07:30PM ET,OTT,0.5
,,,,,,,,,,RW,Jack Rodewald (12322142),Jack Rodewald,12322142,W/UTIL,2500,FLA@OTT 03/28/2019 07:30PM ET,OTT,0.42
,,,,,,,,,,LW,Henrik Haapala (12322174),Henrik Haapala,12322174,W/UTIL,2500,FLA@OTT 03/28/2019 07:30PM ET,FLA,0
,,,,,,,,,,RW,Darren Archibald (12322180),Darren Archibald,12322180,W/UTIL,2500,FLA@OTT 03/28/2019 07:30PM ET,OTT,1
,,,,,,,,,,LW,Morgan Klimchuk (12322194),Morgan Klimchuk,12322194,W/UTIL,2500,FLA@OTT 03/28/2019 07:30PM ET,OTT,0
,,,,,,,,,,LW,Alex Formenton (12322198),Alex Formenton,12322198,W/UTIL,2500,FLA@OTT 03/28/2019 07:30PM ET,OTT,1.61
,,,,,,,,,,RW,Drake Batherson (12322200),Drake Batherson,12322200,W/UTIL,2500,FLA@OTT 03/28/2019 07:30PM ET,OTT,2.02
,,,,,,,,,,RW,Owen Tippett (12322206),Owen Tippett,12322206,W/UTIL,2500,FLA@OTT 03/28/2019 07:30PM ET,FLA,0
,,,,,,,,,,D,Ben Harpur (12322396),Ben Harpur,12322396,D/UTIL,2500,FLA@OTT 03/28/2019 07:30PM ET,OTT,1.37
,,,,,,,,,,D,Mark Pysyk (12322410),Mark Pysyk,12322410,D/UTIL,2500,FLA@OTT 03/28/2019 07:30PM ET,FLA,1.48
,,,,,,,,,,D,Josh Brown (12322422),Josh Brown,12322422,D/UTIL,2500,FLA@OTT 03/28/2019 07:30PM ET,FLA,0.97
,,,,,,,,,,D,Brady Keeper (12322440),Brady Keeper,12322440,D/UTIL,2500,FLA@OTT 03/28/2019 07:30PM ET,FLA,0
,,,,,,,,,,D,Ian McCoshen (12322452),Ian McCoshen,12322452,D/UTIL,2500,FLA@OTT 03/28/2019 07:30PM ET,FLA,1
,,,,,,,,,,D,Riley Stillman (12322492),Riley Stillman,12322492,D/UTIL,2500,FLA@OTT 03/28/2019 07:30PM ET,FLA,0.5
,,,,,,,,,,D,Cody Goloubef (12322498),Cody Goloubef,12322498,D/UTIL,2500,FLA@OTT 03/28/2019 07:30PM ET,OTT,0.8
,,,,,,,,,,D,Erik Brannstrom (12322528),Erik Brannstrom,12322528,D/UTIL,2500,FLA@OTT 03/28/2019 07:30PM ET,OTT,0.25
,,,,,,,,,,D,Andreas Englund (12322530),Andreas Englund,12322530,D/UTIL,2500,FLA@OTT 03/28/2019 07:30PM ET,OTT,0
,,,,,,,,,,D,Julian Melchiori (12322538),Julian Melchiori,12322538,D/UTIL,2500,FLA@OTT 03/28/2019 07:30PM ET,FLA,0
,,,,,,,,,,D,Maxime Lajoie (12322548),Maxime Lajoie,12322548,D/UTIL,2500,FLA@OTT 03/28/2019 07:30PM ET,OTT,2.1
,,,,,,,,,,C,Tanner Fritz (12321638),Tanner Fritz,12321638,C/UTIL,2500,NYI@WPG 03/28/2019 08:00PM ET,NYI,1
,,,,,,,,,,C,Adam Lowry (12321640),Adam Lowry,12321640,C/UTIL,2500,NYI@WPG 03/28/2019 08:00PM ET,WPG,1.63
,,,,,,,,,,C,Par Lindholm (12321672),Par Lindholm,12321672,C/UTIL,2500,NYI@WPG 03/28/2019 08:00PM ET,WPG,1.32
,,,,,,,,,,C,Seth Griffith (12321720),Seth Griffith,12321720,C/UTIL,2500,NYI@WPG 03/28/2019 08:00PM ET,WPG,0
,,,,,,,,,,RW,Michael Dal Colle (12321990),Michael Dal Colle,12321990,W/UTIL,2500,NYI@WPG 03/28/2019 08:00PM ET,NYI,1.19
,,,,,,,,,,RW,Leo Komarov (12321994),Leo Komarov,12321994,W/UTIL,2500,NYI@WPG 03/28/2019 08:00PM ET,NYI,1.42
,,,,,,,,,,RW,Cal Clutterbuck (12322006),Cal Clutterbuck,12322006,W/UTIL,2500,NYI@WPG 03/28/2019 08:00PM ET,NYI,1.65
,,,,,,,,,,LW,Matt Martin (12322040),Matt Martin,12322040,W/UTIL,2500,NYI@WPG 03/28/2019 08:00PM ET,NYI,1.28
,,,,,,,,,,RW,Matt Hendricks (12322042),Matt Hendricks,12322042,W/UTIL,2500,NYI@WPG 03/28/2019 08:00PM ET,WPG,0.86
,,,,,,,,,,RW,Andrew Ladd (12322048),Andrew Ladd,12322048,W/UTIL,2500,NYI@WPG 03/28/2019 08:00PM ET,NYI,1.81
,,,,,,,,,,RW,Jack Roslovic (12322052),Jack Roslovic,12322052,W/UTIL,2500,NYI@WPG 03/28/2019 08:00PM ET,WPG,1.27
,,,,,,,,,,LW,Ross Johnston (12322054),Ross Johnston,12322054,W/UTIL,2500,NYI@WPG 03/28/2019 08:00PM ET,NYI,0.91
,,,,,,,,,,LW,Marko Dano (12322096),Marko Dano,12322096,W/UTIL,2500,NYI@WPG 03/28/2019 08:00PM ET,WPG,0.38
,,,,,,,,,,RW,Joshua Ho-Sang (12322104),Joshua Ho-Sang,12322104,W/UTIL,2500,NYI@WPG 03/28/2019 08:00PM ET,NYI,1.15
,,,,,,,,,,RW,Travis St. Denis (12322124),Travis St. Denis,12322124,W/UTIL,2500,NYI@WPG 03/28/2019 08:00PM ET,NYI,0
,,,,,,,,,,LW,Kieffer Bellows (12322126),Kieffer Bellows,12322126,W/UTIL,2500,NYI@WPG 03/28/2019 08:00PM ET,NYI,0
,,,,,,,,,,LW,Nicolas Kerdiles (12322134),Nicolas Kerdiles,12322134,W/UTIL,2500,NYI@WPG 03/28/2019 08:00PM ET,WPG,0
,,,,,,,,,,RW,Mason Appleton (12322140),Mason Appleton,12322140,W/UTIL,2500,NYI@WPG 03/28/2019 08:00PM ET,WPG,1.21
,,,,,,,,,,RW,Steve Bernier (12322146),Steve Bernier,12322146,W/UTIL,2500,NYI@WPG 03/28/2019 08:00PM ET,NYI,0
,,,,,,,,,,RW,J.C. Lipon (12322162),J.C. Lipon,12322162,W/UTIL,2500,NYI@WPG 03/28/2019 08:00PM ET,WPG,0
,,,,,,,,,,LW,C.J. Suess (12322164),C.J. Suess,12322164,W/UTIL,2500,NYI@WPG 03/28/2019 08:00PM ET,WPG,0
,,,,,,,,,,RW,Dennis Everberg (12322166),Dennis Everberg,12322166,W/UTIL,2500,NYI@WPG 03/28/2019 08:00PM ET,WPG,0
,,,,,,,,,,RW,Stephen Gionta (12322168),Stephen Gionta,12322168,W/UTIL,2500,NYI@WPG 03/28/2019 08:00PM ET,NYI,0.6
,,,,,,,,,,D,Nathan Beaulieu (12322388),Nathan Beaulieu,12322388,D/UTIL,2500,NYI@WPG 03/28/2019 08:00PM ET,WPG,1.7
,,,,,,,,,,D,Dmitry Kulikov (12322404),Dmitry Kulikov,12322404,D/UTIL,2500,NYI@WPG 03/28/2019 08:00PM ET,WPG,1.22
,,,,,,,,,,D,Sami Niku (12322426),Sami Niku,12322426,D/UTIL,2500,NYI@WPG 03/28/2019 08:00PM ET,WPG,1.16
,,,,,,,,,,D,Thomas Hickey (12322428),Thomas Hickey,12322428,D/UTIL,2500,NYI@WPG 03/28/2019 08:00PM ET,NYI,1.68
,,,,,,,,,,D,Joe Morrow (12322448),Joe Morrow,12322448,D/UTIL,2500,NYI@WPG 03/28/2019 08:00PM ET,WPG,1.3
,,,,,,,,,,D,Dennis Seidenberg (12322454),Dennis Seidenberg,12322454,D/UTIL,2500,NYI@WPG 03/28/2019 08:00PM ET,NYI,0
,,,,,,,,,,D,Bogdan Kiselevich (12322456),Bogdan Kiselevich,12322456,D/UTIL,2500,NYI@WPG 03/28/2019 08:00PM ET,WPG,1.05
,,,,,,,,,,D,Luca Sbisa (12322464),Luca Sbisa,12322464,D/UTIL,2500,NYI@WPG 03/28/2019 08:00PM ET,NYI,0.89
,,,,,,,,,,D,Cameron Schilling (12322500),Cameron Schilling,12322500,D/UTIL,2500,NYI@WPG 03/28/2019 08:00PM ET,WPG,1.38
,,,,,,,,,,D,Yannick Rathgeb (12322514),Yannick Rathgeb,12322514,D/UTIL,2500,NYI@WPG 03/28/2019 08:00PM ET,NYI,0
,,,,,,,,,,D,Nelson Nogier (12322526),Nelson Nogier,12322526,D/UTIL,2500,NYI@WPG 03/28/2019 08:00PM ET,WPG,1
,,,,,,,,,,D,Tucker Poolman (12322532),Tucker Poolman,12322532,D/UTIL,2500,NYI@WPG 03/28/2019 08:00PM ET,WPG,0
,,,,,,,,,,D,Sebastian Aho (12322542),Sebastian Aho,12322542,D/UTIL,2500,NYI@WPG 03/28/2019 08:00PM ET,NYI,0
,,,,,,,,,,C,Colby Cave (12321642),Colby Cave,12321642,C/UTIL,2500,DAL@EDM 03/28/2019 09:00PM ET,EDM,1.17
,,,,,,,,,,C,Kyle Brodziak (12321656),Kyle Brodziak,12321656,C/UTIL,2500,DAL@EDM 03/28/2019 09:00PM ET,EDM,1.23
,,,,,,,,,,C,Justin Dowling (12321660),Justin Dowling,12321660,C/UTIL,2500,DAL@EDM 03/28/2019 09:00PM ET,DAL,0.94
,,,,,,,,,,C,Brad Malone (12321676),Brad Malone,12321676,C/UTIL,2500,DAL@EDM 03/28/2019 09:00PM ET,EDM,0.58
,,,,,,,,,,C,Cooper Marody (12321718),Cooper Marody,12321718,C/UTIL,2500,DAL@EDM 03/28/2019 09:00PM ET,EDM,0.5
,,,,,,,,,,LW,Joseph Gambardella (12321992),Joseph Gambardella,12321992,W/UTIL,2500,DAL@EDM 03/28/2019 09:00PM ET,EDM,0.95
,,,,,,,,,,LW,Andrew Cogliano (12321996),Andrew Cogliano,12321996,W/UTIL,2500,DAL@EDM 03/28/2019 09:00PM ET,DAL,1.35
,,,,,,,,,,LW,Tobias Rieder (12321998),Tobias Rieder,12321998,W/UTIL,2500,DAL@EDM 03/28/2019 09:00PM ET,EDM,1.36
,,,,,,,,,,LW,Valeri Nichushkin (12322012),Valeri Nichushkin,12322012,W/UTIL,2500,DAL@EDM 03/28/2019 09:00PM ET,DAL,1.24
,,,,,,,,,,RW,Brett Ritchie (12322028),Brett Ritchie,12322028,W/UTIL,2500,DAL@EDM 03/28/2019 09:00PM ET,DAL,0.97
,,,,,,,,,,LW,Milan Lucic (12322032),Milan Lucic,12322032,W/UTIL,2500,DAL@EDM 03/28/2019 09:00PM ET,EDM,1.16
,,,,,,,,,,LW,Jujhar Khaira (12322046),Jujhar Khaira,12322046,W/UTIL,2500,DAL@EDM 03/28/2019 09:00PM ET,EDM,1.52
,,,,,,,,,,LW,Tyler Pitlick (12322050),Tyler Pitlick,12322050,W/UTIL,2500,DAL@EDM 03/28/2019 09:00PM ET,DAL,1.71
,,,,,,,,,,RW,Ty Rattie (12322058),Ty Rattie,12322058,W/UTIL,2500,DAL@EDM 03/28/2019 09:00PM ET,EDM,1.5
,,,,,,,,,,RW,Joel L'Esperance (12322074),Joel L'Esperance,12322074,W/UTIL,2500,DAL@EDM 03/28/2019 09:00PM ET,DAL,1
,,,,,,,,,,RW,Jesse Puljujarvi (12322080),Jesse Puljujarvi,12322080,W/UTIL,2500,DAL@EDM 03/28/2019 09:00PM ET,EDM,1.34
,,,,,,,,,,RW,Erik Condra (12322102),Erik Condra,12322102,W/UTIL,2500,DAL@EDM 03/28/2019 09:00PM ET,DAL,1.42
,,,,,,,,,,LW,Tyler Benson (12322130),Tyler Benson,12322130,W/UTIL,2500,DAL@EDM 03/28/2019 09:00PM ET,EDM,0
,,,,,,,,,,RW,Ostap Safin (12322132),Ostap Safin,12322132,W/UTIL,2500,DAL@EDM 03/28/2019 09:00PM ET,EDM,0
,,,,,,,,,,RW,Denis Gurianov (12322136),Denis Gurianov,12322136,W/UTIL,2500,DAL@EDM 03/28/2019 09:00PM ET,DAL,1.19
,,,,,,,,,,RW,Kailer Yamamoto (12322138),Kailer Yamamoto,12322138,W/UTIL,2500,DAL@EDM 03/28/2019 09:00PM ET,EDM,1
,,,,,,,,,,RW,Patrick Russell (12322148),Patrick Russell,12322148,W/UTIL,2500,DAL@EDM 03/28/2019 09:00PM ET,EDM,0.67
,,,,,,,,,,RW,Anton Slepyshev (12322188),Anton Slepyshev,12322188,W/UTIL,2500,DAL@EDM 03/28/2019 09:00PM ET,EDM,0
,,,,,,,,,,D,Andrej Sekera (12322406),Andrej Sekera,12322406,D/UTIL,2500,DAL@EDM 03/28/2019 09:00PM ET,EDM,1.28
,,,,,,,,,,D,Kevin Gravel (12322430),Kevin Gravel,12322430,D/UTIL,2500,DAL@EDM 03/28/2019 09:00PM ET,EDM,1.54
,,,,,,,,,,D,Jamie Oleksiak (12322432),Jamie Oleksiak,12322432,D/UTIL,2500,DAL@EDM 03/28/2019 09:00PM ET,DAL,1.46
,,,,,,,,,,D,Julius Honka (12322434),Julius Honka,12322434,D/UTIL,2500,DAL@EDM 03/28/2019 09:00PM ET,DAL,1.47
,,,,,,,,,,D,Alexander Petrovic (12322436),Alexander Petrovic,12322436,D/UTIL,2500,DAL@EDM 03/28/2019 09:00PM ET,EDM,1.54
,,,,,,,,,,D,Marc Methot (12322470),Marc Methot,12322470,D/UTIL,2500,DAL@EDM 03/28/2019 09:00PM ET,DAL,0.72
,,,,,,,,,,D,Brandon Manning (12322476),Brandon Manning,12322476,D/UTIL,2500,DAL@EDM 03/28/2019 09:00PM ET,EDM,1.19
,,,,,,,,,,D,Ben Gleason (12322508),Ben Gleason,12322508,D/UTIL,2500,DAL@EDM 03/28/2019 09:00PM ET,DAL,0.88
,,,,,,,,,,D,Dillon Heatherington (12322536),Dillon Heatherington,12322536,D/UTIL,2500,DAL@EDM 03/28/2019 09:00PM ET,DAL,1.1
,,,,,,,,,,D,Evan Bouchard (12322554),Evan Bouchard,12322554,D/UTIL,2500,DAL@EDM 03/28/2019 09:00PM ET,EDM,1.71
,,,,,,,,,,D,Gavin Bayreuther (12322560),Gavin Bayreuther,12322560,D/UTIL,2500,DAL@EDM 03/28/2019 09:00PM ET,DAL,1.79
,,,,,,,,,,D,Ethan Bear (12322562),Ethan Bear,12322562,D/UTIL,2500,DAL@EDM 03/28/2019 09:00PM ET,EDM,0
,,,,,,,,,,C,Adrian Kempe (12321634),Adrian Kempe,12321634,C/UTIL,2500,LA@VAN 03/28/2019 10:00PM ET,LA,1.7
,,,,,,,,,,C,Adam Gaudette (12321644),Adam Gaudette,12321644,C/UTIL,2500,LA@VAN 03/28/2019 10:00PM ET,VAN,1.21
,,,,,,,,,,C,Jay Beagle (12321646),Jay Beagle,12321646,C/UTIL,2500,LA@VAN 03/28/2019 10:00PM ET,VAN,1.21
,,,,,,,,,,C,Michael Amadio (12321654),Michael Amadio,12321654,C/UTIL,2500,LA@VAN 03/28/2019 10:00PM ET,LA,1.13
,,,,,,,,,,C,Zack MacEwen (12321692),Zack MacEwen,12321692,C/UTIL,2500,LA@VAN 03/28/2019 10:00PM ET,VAN,0.88
,,,,,,,,,,C,Michael Eyssimont (12321706),Michael Eyssimont,12321706,C/UTIL,2500,LA@VAN 03/28/2019 10:00PM ET,LA,0
,,,,,,,,,,C,Gabriel Vilardi (12321708),Gabriel Vilardi,12321708,C/UTIL,2500,LA@VAN 03/28/2019 10:00PM ET,LA,0
,,,,,,,,,,C,Tanner Kero (12321730),Tanner Kero,12321730,C/UTIL,2500,LA@VAN 03/28/2019 10:00PM ET,VAN,0
,,,,,,,,,,C,Reid Boucher (12321758),Reid Boucher,12321758,C/UTIL,2500,LA@VAN 03/28/2019 10:00PM ET,VAN,0
,,,,,,,,,,LW,Kyle Clifford (12322002),Kyle Clifford,12322002,W/UTIL,2500,LA@VAN 03/28/2019 10:00PM ET,LA,1.55
,,,,,,,,,,RW,Jonny Brodzinski (12322014),Jonny Brodzinski,12322014,W/UTIL,2500,LA@VAN 03/28/2019 10:00PM ET,LA,1.5
,,,,,,,,,,LW,Austin Wagner (12322020),Austin Wagner,12322020,W/UTIL,2500,LA@VAN 03/28/2019 10:00PM ET,LA,1.38
,,,,,,,,,,LW,Tim Schaller (12322022),Tim Schaller,12322022,W/UTIL,2500,LA@VAN 03/28/2019 10:00PM ET,VAN,1.08
,,,,,,,,,,RW,Ryan Spooner (12322056),Ryan Spooner,12322056,W/UTIL,2500,LA@VAN 03/28/2019 10:00PM ET,VAN,1.11
,,,,,,,,,,RW,Nikita Scherbak (12322092),Nikita Scherbak,12322092,W/UTIL,2500,LA@VAN 03/28/2019 10:00PM ET,LA,1.19
,,,,,,,,,,RW,Matheson Iacopelli (12322108),Matheson Iacopelli,12322108,W/UTIL,2500,LA@VAN 03/28/2019 10:00PM ET,LA,0
,,,,,,,,,,RW,Sheldon Rempal (12322150),Sheldon Rempal,12322150,W/UTIL,2500,LA@VAN 03/28/2019 10:00PM ET,LA,0.29
,,,,,,,,,,RW,Zack Mitchell (12322156),Zack Mitchell,12322156,W/UTIL,2500,LA@VAN 03/28/2019 10:00PM ET,LA,0
,,,,,,,,,,RW,Tom Pyatt (12322170),Tom Pyatt,12322170,W/UTIL,2500,LA@VAN 03/28/2019 10:00PM ET,VAN,1.12
,,,,,,,,,,RW,Matt Luff (12322178),Matt Luff,12322178,W/UTIL,2500,LA@VAN 03/28/2019 10:00PM ET,LA,1.88
,,,,,,,,,,LW,Brendan Gaunce (12322202),Brendan Gaunce,12322202,W/UTIL,2500,LA@VAN 03/28/2019 10:00PM ET,VAN,2.67
,,,,,,,,,,D,Luke Schenn (12322400),Luke Schenn,12322400,D/UTIL,2500,LA@VAN 03/28/2019 10:00PM ET,VAN,1.26
,,,,,,,,,,D,Ashton Sautner (12322402),Ashton Sautner,12322402,D/UTIL,2500,LA@VAN 03/28/2019 10:00PM ET,VAN,1.24
,,,,,,,,,,D,Dion Phaneuf (12322414),Dion Phaneuf,12322414,D/UTIL,2500,LA@VAN 03/28/2019 10:00PM ET,LA,1.38
,,,,,,,,,,D,Josh Teves (12322420),Josh Teves,12322420,D/UTIL,2500,LA@VAN 03/28/2019 10:00PM ET,VAN,0.5
,,,,,,,,,,D,Derrick Pouliot (12322438),Derrick Pouliot,12322438,D/UTIL,2500,LA@VAN 03/28/2019 10:00PM ET,VAN,1.48
,,,,,,,,,,D,Paul LaDue (12322450),Paul LaDue,12322450,D/UTIL,2500,LA@VAN 03/28/2019 10:00PM ET,LA,1.27
,,,,,,,,,,D,Kurtis MacDermid (12322458),Kurtis MacDermid,12322458,D/UTIL,2500,LA@VAN 03/28/2019 10:00PM ET,LA,0.31
,,,,,,,,,,D,Guillaume Brisebois (12322468),Guillaume Brisebois,12322468,D/UTIL,2500,LA@VAN 03/28/2019 10:00PM ET,VAN,0.75
,,,,,,,,,,D,Quinn Hughes (12322472),Quinn Hughes,12322472,D/UTIL,2500,LA@VAN 03/28/2019 10:00PM ET,VAN,0
,,,,,,,,,,D,Olli Juolevi (12322474),Olli Juolevi,12322474,D/UTIL,2500,LA@VAN 03/28/2019 10:00PM ET,VAN,0
,,,,,,,,,,D,Kale Clague (12322484),Kale Clague,12322484,D/UTIL,2500,LA@VAN 03/28/2019 10:00PM ET,LA,0
,,,,,,,,,,D,Daniel Brickley (12322524),Daniel Brickley,12322524,D/UTIL,2500,LA@VAN 03/28/2019 10:00PM ET,LA,1.25
,,,,,,,,,,C,Barclay Goodrow (12321648),Barclay Goodrow,12321648,C/UTIL,2500,CHI@SJ 03/28/2019 10:30PM ET,SJ,1.44
,,,,,,,,,,C,Jacob Nilsson (12321686),Jacob Nilsson,12321686,C/UTIL,2500,CHI@SJ 03/28/2019 10:30PM ET,CHI,0.25
,,,,,,,,,,C,Luke Johnson (12321688),Luke Johnson,12321688,C/UTIL,2500,CHI@SJ 03/28/2019 10:30PM ET,CHI,1.07
,,,,,,,,,,C,Rourke Chartier (12321698),Rourke Chartier,12321698,C/UTIL,2500,CHI@SJ 03/28/2019 10:30PM ET,SJ,1.08
,,,,,,,,,,C,Tyler Sikura (12321710),Tyler Sikura,12321710,C/UTIL,2500,CHI@SJ 03/28/2019 10:30PM ET,CHI,0
,,,,,,,,,,C,Dylan Gambrell (12321722),Dylan Gambrell,12321722,C/UTIL,2500,CHI@SJ 03/28/2019 10:30PM ET,SJ,0.42
,,,,,,,,,,C,Maxim Letunov (12321726),Maxim Letunov,12321726,C/UTIL,2500,CHI@SJ 03/28/2019 10:30PM ET,SJ,0
,,,,,,,,,,C,Jordan Schroeder (12321738),Jordan Schroeder,12321738,C/UTIL,2500,CHI@SJ 03/28/2019 10:30PM ET,CHI,0
,,,,,,,,,,C,Peter Holland (12321740),Peter Holland,12321740,C/UTIL,2500,CHI@SJ 03/28/2019 10:30PM ET,CHI,0
,,,,,,,,,,C,Antti Suomela (12321742),Antti Suomela,12321742,C/UTIL,2500,CHI@SJ 03/28/2019 10:30PM ET,SJ,1.68
,,,,,,,,,,C,Victor Ejdsell (12321756),Victor Ejdsell,12321756,C/UTIL,2500,CHI@SJ 03/28/2019 10:30PM ET,CHI,0
,,,,,,,,,,RW,Lukas Radil (12321988),Lukas Radil,12321988,W/UTIL,2500,CHI@SJ 03/28/2019 10:30PM ET,SJ,1.43
,,,,,,,,,,RW,Melker Karlsson (12322018),Melker Karlsson,12322018,W/UTIL,2500,CHI@SJ 03/28/2019 10:30PM ET,SJ,1.34
,,,,,,,,,,LW,Chris Kunitz (12322026),Chris Kunitz,12322026,W/UTIL,2500,CHI@SJ 03/28/2019 10:30PM ET,CHI,0.91
,,,,,,,,,,RW,Marcus Kruger (12322034),Marcus Kruger,12322034,W/UTIL,2500,CHI@SJ 03/28/2019 10:30PM ET,CHI,1.1
,,,,,,,,,,LW,John Hayden (12322066),John Hayden,12322066,W/UTIL,2500,CHI@SJ 03/28/2019 10:30PM ET,CHI,0.85
,,,,,,,,,,LW,Micheal Haley (12322068),Micheal Haley,12322068,W/UTIL,2500,CHI@SJ 03/28/2019 10:30PM ET,SJ,0.86
,,,,,,,,,,LW,Jayden Halbgewachs (12322098),Jayden Halbgewachs,12322098,W/UTIL,2500,CHI@SJ 03/28/2019 10:30PM ET,SJ,0
,,,,,,,,,,RW,Filip Sandberg (12322100),Filip Sandberg,12322100,W/UTIL,2500,CHI@SJ 03/28/2019 10:30PM ET,SJ,0
,,,,,,,,,,RW,Andreas Martinsen (12322160),Andreas Martinsen,12322160,W/UTIL,2500,CHI@SJ 03/28/2019 10:30PM ET,CHI,1
,,,,,,,,,,LW,Alexandre Fortin (12322184),Alexandre Fortin,12322184,W/UTIL,2500,CHI@SJ 03/28/2019 10:30PM ET,CHI,1.42
,,,,,,,,,,RW,Matthew Highmore (12322196),Matthew Highmore,12322196,W/UTIL,2500,CHI@SJ 03/28/2019 10:30PM ET,CHI,0
,,,,,,,,,,D,Joakim Ryan (12322392),Joakim Ryan,12322392,D/UTIL,2500,CHI@SJ 03/28/2019 10:30PM ET,SJ,1.18
,,,,,,,,,,D,Brenden Dillon (12322412),Brenden Dillon,12322412,D/UTIL,2500,CHI@SJ 03/28/2019 10:30PM ET,SJ,1.45
,,,,,,,,,,D,Carl Dahlstrom (12322442),Carl Dahlstrom,12322442,D/UTIL,2500,CHI@SJ 03/28/2019 10:30PM ET,CHI,1.4
,,,,,,,,,,D,Radim Simek (12322460),Radim Simek,12322460,D/UTIL,2500,CHI@SJ 03/28/2019 10:30PM ET,SJ,1.38
,,,,,,,,,,D,Jacob Middleton (12322488),Jacob Middleton,12322488,D/UTIL,2500,CHI@SJ 03/28/2019 10:30PM ET,SJ,0.5
,,,,,,,,,,D,Brandon Davidson (12322494),Brandon Davidson,12322494,D/UTIL,2500,CHI@SJ 03/28/2019 10:30PM ET,CHI,1.3
,,,,,,,,,,D,Blake Hillman (12322550),Blake Hillman,12322550,D/UTIL,2500,CHI@SJ 03/28/2019 10:30PM ET,CHI,0
,,,,,,,,,,D,Henri Jokiharju (12322552),Henri Jokiharju,12322552,D/UTIL,2500,CHI@SJ 03/28/2019 10:30PM ET,CHI,1.93
